eye_file,neural_file,eye_n,neural_n,eye_duration_s,neural_duration_s,duration_diff_s
/Users/evansalvarez/Eye-tracking-Loneliness-Mindwandering-ELM-/data/processed/eye_processed_SART/data_preprocessedSART_02_2025_02_26_18_12.csv.gz,/Users/evansalvarez/Eye-tracking-Loneliness-Mindwandering-ELM-/data/processed/fNIRS_processed_SART/hbo_hbr_csv/S2_SART_HbO.csv,288981,2823,288.98,288.9728,0.00720000000001164
/Users/evansalvarez/Eye-tracking-Loneliness-Mindwandering-ELM-/data/processed/eye_processed_SART/data_preprocessedSART_02_2025_02_26_18_12.csv.gz,/Users/evansalvarez/Eye-tracking-Loneliness-Mindwandering-ELM-/data/processed/fNIRS_processed_SART/hbo_hbr_csv/S2_SART_HbR.csv,288981,2823,288.98,288.9728,0.00720000000001164
/Users/evansalvarez/Eye-tracking-Loneliness-Mindwandering-ELM-/data/processed/eye_processed_SART/data_preprocessedSART_03_2025_03_03_17_03.csv.gz,/Users/evansalvarez/Eye-tracking-Loneliness-Mindwandering-ELM-/data/processed/fNIRS_processed_SART/hbo_hbr_csv/S3_SART_HbO.csv,295661,2912,295.66,298.0864,-2.42639999999966
/Users/evansalvarez/Eye-tracking-Loneliness-Mindwandering-ELM-/data/processed/eye_processed_SART/data_preprocessedSART_03_2025_03_03_17_03.csv.gz,/Users/evansalvarez/Eye-tracking-Loneliness-Mindwandering-ELM-/data/processed/fNIRS_processed_SART/hbo_hbr_csv/S3_SART_HbR.csv,295661,2912,295.66,298.0864,-2.42639999999966
/Users/evansalvarez/Eye-tracking-Loneliness-Mindwandering-ELM-/data/processed/eye_processed_SART/data_preprocessedSART_04_2025_03_05_11_55.csv.gz,/Users/evansalvarez/Eye-tracking-Loneliness-Mindwandering-ELM-/data/processed/fNIRS_processed_SART/hbo_hbr_csv/S4_SART_HbO.csv,295304,2885,295.303,295.3216,-0.0186000000002196
/Users/evansalvarez/Eye-tracking-Loneliness-Mindwandering-ELM-/data/processed/eye_processed_SART/data_preprocessedSART_04_2025_03_05_11_55.csv.gz,/Users/evansalvarez/Eye-tracking-Loneliness-Mindwandering-ELM-/data/processed/fNIRS_processed_SART/hbo_hbr_csv/S4_SART_HbR.csv,295304,2885,295.303,295.3216,-0.0186000000002196
/Users/evansalvarez/Eye-tracking-Loneliness-Mindwandering-ELM-/data/processed/eye_processed_SART/data_preprocessedSART_048_001.csv.gz,/Users/evansalvarez/Eye-tracking-Loneliness-Mindwandering-ELM-/data/processed/fNIRS_processed_SART/hbo_hbr_csv/S48_SART_HbO.csv,299728,2939,299.727,300.8512,-1.12419999999986
/Users/evansalvarez/Eye-tracking-Loneliness-Mindwandering-ELM-/data/processed/eye_processed_SART/data_preprocessedSART_048_001.csv.gz,/Users/evansalvarez/Eye-tracking-Loneliness-Mindwandering-ELM-/data/processed/fNIRS_processed_SART/hbo_hbr_csv/S48_SART_HbR.csv,299728,2939,299.727,300.8512,-1.12419999999986
/Users/evansalvarez/Eye-tracking-Loneliness-Mindwandering-ELM-/data/processed/eye_processed_SART/data_preprocessedSART_05_2025_03_05_17_55.csv.gz,/Users/evansalvarez/Eye-tracking-Loneliness-Mindwandering-ELM-/data/processed/fNIRS_processed_SART/hbo_hbr_csv/S5_SART_HbO.csv,289898,2831,289.897,289.792,0.10499999999962
/Users/evansalvarez/Eye-tracking-Loneliness-Mindwandering-ELM-/data/processed/eye_processed_SART/data_preprocessedSART_05_2025_03_05_17_55.csv.gz,/Users/evansalvarez/Eye-tracking-Loneliness-Mindwandering-ELM-/data/processed/fNIRS_processed_SART/hbo_hbr_csv/S5_SART_HbR.csv,289898,2831,289.897,289.792,0.10499999999962
/Users/evansalvarez/Eye-tracking-Loneliness-Mindwandering-ELM-/data/processed/eye_processed_SART/data_preprocessedSART_051_001.csv.gz,/Users/evansalvarez/Eye-tracking-Loneliness-Mindwandering-ELM-/data/processed/fNIRS_processed_SART/hbo_hbr_csv/S51_SART_HbO.csv,297717,2907,297.716,297.5744,0.141600000000039
/Users/evansalvarez/Eye-tracking-Loneliness-Mindwandering-ELM-/data/processed/eye_processed_SART/data_preprocessedSART_051_001.csv.gz,/Users/evansalvarez/Eye-tracking-Loneliness-Mindwandering-ELM-/data/processed/fNIRS_processed_SART/hbo_hbr_csv/S51_SART_HbR.csv,297717,2907,297.716,297.5744,0.141600000000039
/Users/evansalvarez/Eye-tracking-Loneliness-Mindwandering-ELM-/data/processed/eye_processed_SART/data_preprocessedSART_054_001.csv.gz,/Users/evansalvarez/Eye-tracking-Loneliness-Mindwandering-ELM-/data/processed/fNIRS_processed_SART/hbo_hbr_csv/S54_SART_HbO.csv,295932,2890,295.931,295.8336,0.0974000000000501
/Users/evansalvarez/Eye-tracking-Loneliness-Mindwandering-ELM-/data/processed/eye_processed_SART/data_preprocessedSART_054_001.csv.gz,/Users/evansalvarez/Eye-tracking-Loneliness-Mindwandering-ELM-/data/processed/fNIRS_processed_SART/hbo_hbr_csv/S54_SART_HbR.csv,295932,2890,295.931,295.8336,0.0974000000000501
/Users/evansalvarez/Eye-tracking-Loneliness-Mindwandering-ELM-/data/processed/eye_processed_SART/data_preprocessedSART_06_2025_03_07_11_39.csv.gz,/Users/evansalvarez/Eye-tracking-Loneliness-Mindwandering-ELM-/data/processed/fNIRS_processed_SART/hbo_hbr_csv/S6_SART_HbO.csv,299390,2936,299.389,300.544,-1.15500000000031
/Users/evansalvarez/Eye-tracking-Loneliness-Mindwandering-ELM-/data/processed/eye_processed_SART/data_preprocessedSART_06_2025_03_07_11_39.csv.gz,/Users/evansalvarez/Eye-tracking-Loneliness-Mindwandering-ELM-/data/processed/fNIRS_processed_SART/hbo_hbr_csv/S6_SART_HbR.csv,299390,2936,299.389,300.544,-1.15500000000031
/Users/evansalvarez/Eye-tracking-Loneliness-Mindwandering-ELM-/data/processed/eye_processed_SART/data_preprocessedSART_07_2025_03_12_12_01.csv.gz,/Users/evansalvarez/Eye-tracking-Loneliness-Mindwandering-ELM-/data/processed/fNIRS_processed_SART/hbo_hbr_csv/S7_SART_HbO.csv,307243,3000,307.242,307.0976,0.144400000000417
/Users/evansalvarez/Eye-tracking-Loneliness-Mindwandering-ELM-/data/processed/eye_processed_SART/data_preprocessedSART_07_2025_03_12_12_01.csv.gz,/Users/evansalvarez/Eye-tracking-Loneliness-Mindwandering-ELM-/data/processed/fNIRS_processed_SART/hbo_hbr_csv/S7_SART_HbR.csv,307243,3000,307.242,307.0976,0.144400000000417
/Users/evansalvarez/Eye-tracking-Loneliness-Mindwandering-ELM-/data/processed/eye_processed_SART/data_preprocessedSART_08_001_2025_03_12_17_54.csv.gz,/Users/evansalvarez/Eye-tracking-Loneliness-Mindwandering-ELM-/data/processed/fNIRS_processed_SART/hbo_hbr_csv/S8_SART_HbO.csv,290107,2834,290.106,290.0992,0.00679999999988468
/Users/evansalvarez/Eye-tracking-Loneliness-Mindwandering-ELM-/data/processed/eye_processed_SART/data_preprocessedSART_08_001_2025_03_12_17_54.csv.gz,/Users/evansalvarez/Eye-tracking-Loneliness-Mindwandering-ELM-/data/processed/fNIRS_processed_SART/hbo_hbr_csv/S8_SART_HbR.csv,290107,2834,290.106,290.0992,0.00679999999988468
/Users/evansalvarez/Eye-tracking-Loneliness-Mindwandering-ELM-/data/processed/eye_processed_SART/data_preprocessedSART_084_001.csv.gz,/Users/evansalvarez/Eye-tracking-Loneliness-Mindwandering-ELM-/data/processed/fNIRS_processed_SART/hbo_hbr_csv/S84_SART_HbO.csv,295643,2887,295.642,295.5264,0.115599999999802
/Users/evansalvarez/Eye-tracking-Loneliness-Mindwandering-ELM-/data/processed/eye_processed_SART/data_preprocessedSART_084_001.csv.gz,/Users/evansalvarez/Eye-tracking-Loneliness-Mindwandering-ELM-/data/processed/fNIRS_processed_SART/hbo_hbr_csv/S84_SART_HbR.csv,295643,2887,295.642,295.5264,0.115599999999802
/Users/evansalvarez/Eye-tracking-Loneliness-Mindwandering-ELM-/data/processed/eye_processed_SART/data_preprocessedSART_09_001_2025_03_13_19_25.csv.gz,/Users/evansalvarez/Eye-tracking-Loneliness-Mindwandering-ELM-/data/processed/fNIRS_processed_SART/hbo_hbr_csv/S9_SART_HbO.csv,284109,2775,284.108,284.0576,0.0504000000001383
/Users/evansalvarez/Eye-tracking-Loneliness-Mindwandering-ELM-/data/processed/eye_processed_SART/data_preprocessedSART_09_001_2025_03_13_19_25.csv.gz,/Users/evansalvarez/Eye-tracking-Loneliness-Mindwandering-ELM-/data/processed/fNIRS_processed_SART/hbo_hbr_csv/S9_SART_HbR.csv,284109,2775,284.108,284.0576,0.0504000000001383
/Users/evansalvarez/Eye-tracking-Loneliness-Mindwandering-ELM-/data/processed/eye_processed_SART/data_preprocessedSART_100_001.csv.gz,/Users/evansalvarez/Eye-tracking-Loneliness-Mindwandering-ELM-/data/processed/fNIRS_processed_SART/hbo_hbr_csv/S100_SART_HbO.csv,297185,2903,297.184,297.1648,0.0192000000002395
/Users/evansalvarez/Eye-tracking-Loneliness-Mindwandering-ELM-/data/processed/eye_processed_SART/data_preprocessedSART_100_001.csv.gz,/Users/evansalvarez/Eye-tracking-Loneliness-Mindwandering-ELM-/data/processed/fNIRS_processed_SART/hbo_hbr_csv/S100_SART_HbR.csv,297185,2903,297.184,297.1648,0.0192000000002395
/Users/evansalvarez/Eye-tracking-Loneliness-Mindwandering-ELM-/data/processed/eye_processed_SART/data_preprocessedSART_102_001.csv.gz,/Users/evansalvarez/Eye-tracking-Loneliness-Mindwandering-ELM-/data/processed/fNIRS_processed_SART/hbo_hbr_csv/S102_SART_HbO.csv,303655,2965,303.654,303.5136,0.140400000000227
/Users/evansalvarez/Eye-tracking-Loneliness-Mindwandering-ELM-/data/processed/eye_processed_SART/data_preprocessedSART_102_001.csv.gz,/Users/evansalvarez/Eye-tracking-Loneliness-Mindwandering-ELM-/data/processed/fNIRS_processed_SART/hbo_hbr_csv/S102_SART_HbR.csv,303655,2965,303.654,303.5136,0.140400000000227
/Users/evansalvarez/Eye-tracking-Loneliness-Mindwandering-ELM-/data/processed/eye_processed_SART/data_preprocessedSART_103_001.csv.gz,/Users/evansalvarez/Eye-tracking-Loneliness-Mindwandering-ELM-/data/processed/fNIRS_processed_SART/hbo_hbr_csv/S103_SART_HbO.csv,301631,2946,301.63,301.568,0.0619999999997845
/Users/evansalvarez/Eye-tracking-Loneliness-Mindwandering-ELM-/data/processed/eye_processed_SART/data_preprocessedSART_103_001.csv.gz,/Users/evansalvarez/Eye-tracking-Loneliness-Mindwandering-ELM-/data/processed/fNIRS_processed_SART/hbo_hbr_csv/S103_SART_HbR.csv,301631,2946,301.63,301.568,0.0619999999997845
/Users/evansalvarez/Eye-tracking-Loneliness-Mindwandering-ELM-/data/processed/eye_processed_SART/data_preprocessedSART_104_001.csv.gz,/Users/evansalvarez/Eye-tracking-Loneliness-Mindwandering-ELM-/data/processed/fNIRS_processed_SART/hbo_hbr_csv/S104_SART_HbO.csv,290680,2838,290.679,290.5088,0.170199999999909
/Users/evansalvarez/Eye-tracking-Loneliness-Mindwandering-ELM-/data/processed/eye_processed_SART/data_preprocessedSART_104_001.csv.gz,/Users/evansalvarez/Eye-tracking-Loneliness-Mindwandering-ELM-/data/processed/fNIRS_processed_SART/hbo_hbr_csv/S104_SART_HbR.csv,290680,2838,290.679,290.5088,0.170199999999909
/Users/evansalvarez/Eye-tracking-Loneliness-Mindwandering-ELM-/data/processed/eye_processed_SART/data_preprocessedSART_105_001.csv.gz,/Users/evansalvarez/Eye-tracking-Loneliness-Mindwandering-ELM-/data/processed/fNIRS_processed_SART/hbo_hbr_csv/S105_SART_HbO.csv,298662,2916,298.661,298.496,0.164999999999907
/Users/evansalvarez/Eye-tracking-Loneliness-Mindwandering-ELM-/data/processed/eye_processed_SART/data_preprocessedSART_105_001.csv.gz,/Users/evansalvarez/Eye-tracking-Loneliness-Mindwandering-ELM-/data/processed/fNIRS_processed_SART/hbo_hbr_csv/S105_SART_HbR.csv,298662,2916,298.661,298.496,0.164999999999907
/Users/evansalvarez/Eye-tracking-Loneliness-Mindwandering-ELM-/data/processed/eye_processed_SART/data_preprocessedSART_106_001.csv.gz,/Users/evansalvarez/Eye-tracking-Loneliness-Mindwandering-ELM-/data/processed/fNIRS_processed_SART/hbo_hbr_csv/S106_SART_HbO.csv,300801,2938,300.8,300.7488,0.0511999999997101
/Users/evansalvarez/Eye-tracking-Loneliness-Mindwandering-ELM-/data/processed/eye_processed_SART/data_preprocessedSART_106_001.csv.gz,/Users/evansalvarez/Eye-tracking-Loneliness-Mindwandering-ELM-/data/processed/fNIRS_processed_SART/hbo_hbr_csv/S106_SART_HbR.csv,300801,2938,300.8,300.7488,0.0511999999997101
/Users/evansalvarez/Eye-tracking-Loneliness-Mindwandering-ELM-/data/processed/eye_processed_SART/data_preprocessedSART_107_001.csv.gz,/Users/evansalvarez/Eye-tracking-Loneliness-Mindwandering-ELM-/data/processed/fNIRS_processed_SART/hbo_hbr_csv/S107_SART_HbO.csv,299691,2927,299.69,299.6224,0.0675999999997998
/Users/evansalvarez/Eye-tracking-Loneliness-Mindwandering-ELM-/data/processed/eye_processed_SART/data_preprocessedSART_107_001.csv.gz,/Users/evansalvarez/Eye-tracking-Loneliness-Mindwandering-ELM-/data/processed/fNIRS_processed_SART/hbo_hbr_csv/S107_SART_HbR.csv,299691,2927,299.69,299.6224,0.0675999999997998
/Users/evansalvarez/Eye-tracking-Loneliness-Mindwandering-ELM-/data/processed/eye_processed_SART/data_preprocessedSART_108_001.csv.gz,/Users/evansalvarez/Eye-tracking-Loneliness-Mindwandering-ELM-/data/processed/fNIRS_processed_SART/hbo_hbr_csv/S108_SART_HbO.csv,291602,2848,291.601,291.5328,0.0681999999998197
/Users/evansalvarez/Eye-tracking-Loneliness-Mindwandering-ELM-/data/processed/eye_processed_SART/data_preprocessedSART_108_001.csv.gz,/Users/evansalvarez/Eye-tracking-Loneliness-Mindwandering-ELM-/data/processed/fNIRS_processed_SART/hbo_hbr_csv/S108_SART_HbR.csv,291602,2848,291.601,291.5328,0.0681999999998197
/Users/evansalvarez/Eye-tracking-Loneliness-Mindwandering-ELM-/data/processed/eye_processed_SART/data_preprocessedSART_109_001.csv.gz,/Users/evansalvarez/Eye-tracking-Loneliness-Mindwandering-ELM-/data/processed/fNIRS_processed_SART/hbo_hbr_csv/S109_SART_HbO.csv,293291,2863,293.29,293.0688,0.22120000000001
/Users/evansalvarez/Eye-tracking-Loneliness-Mindwandering-ELM-/data/processed/eye_processed_SART/data_preprocessedSART_109_001.csv.gz,/Users/evansalvarez/Eye-tracking-Loneliness-Mindwandering-ELM-/data/processed/fNIRS_processed_SART/hbo_hbr_csv/S109_SART_HbR.csv,293291,2863,293.29,293.0688,0.22120000000001
/Users/evansalvarez/Eye-tracking-Loneliness-Mindwandering-ELM-/data/processed/eye_processed_SART/data_preprocessedSART_11_001_2025_03_24_15_24.csv.gz,/Users/evansalvarez/Eye-tracking-Loneliness-Mindwandering-ELM-/data/processed/fNIRS_processed_SART/hbo_hbr_csv/S11_SART_HbO.csv,293685,2869,293.684,293.6832,0.000800000000083401
/Users/evansalvarez/Eye-tracking-Loneliness-Mindwandering-ELM-/data/processed/eye_processed_SART/data_preprocessedSART_11_001_2025_03_24_15_24.csv.gz,/Users/evansalvarez/Eye-tracking-Loneliness-Mindwandering-ELM-/data/processed/fNIRS_processed_SART/hbo_hbr_csv/S11_SART_HbR.csv,293685,2869,293.684,293.6832,0.000800000000083401
/Users/evansalvarez/Eye-tracking-Loneliness-Mindwandering-ELM-/data/processed/eye_processed_SART/data_preprocessedSART_110_001.csv.gz,/Users/evansalvarez/Eye-tracking-Loneliness-Mindwandering-ELM-/data/processed/fNIRS_processed_SART/hbo_hbr_csv/S110_SART_HbO.csv,296016,2892,296.015,296.0384,-0.0234000000001515
/Users/evansalvarez/Eye-tracking-Loneliness-Mindwandering-ELM-/data/processed/eye_processed_SART/data_preprocessedSART_110_001.csv.gz,/Users/evansalvarez/Eye-tracking-Loneliness-Mindwandering-ELM-/data/processed/fNIRS_processed_SART/hbo_hbr_csv/S110_SART_HbR.csv,296016,2892,296.015,296.0384,-0.0234000000001515
/Users/evansalvarez/Eye-tracking-Loneliness-Mindwandering-ELM-/data/processed/eye_processed_SART/data_preprocessedSART_111_001.csv.gz,/Users/evansalvarez/Eye-tracking-Loneliness-Mindwandering-ELM-/data/processed/fNIRS_processed_SART/hbo_hbr_csv/S111_SART_HbO.csv,296226,2892,296.225,296.0384,0.186599999999885
/Users/evansalvarez/Eye-tracking-Loneliness-Mindwandering-ELM-/data/processed/eye_processed_SART/data_preprocessedSART_111_001.csv.gz,/Users/evansalvarez/Eye-tracking-Loneliness-Mindwandering-ELM-/data/processed/fNIRS_processed_SART/hbo_hbr_csv/S111_SART_HbR.csv,296226,2892,296.225,296.0384,0.186599999999885
/Users/evansalvarez/Eye-tracking-Loneliness-Mindwandering-ELM-/data/processed/eye_processed_SART/data_preprocessedSART_114_001.csv.gz,/Users/evansalvarez/Eye-tracking-Loneliness-Mindwandering-ELM-/data/processed/fNIRS_processed_SART/hbo_hbr_csv/S114_SART_HbO.csv,294775,2879,294.774,294.7072,0.0668000000001712
/Users/evansalvarez/Eye-tracking-Loneliness-Mindwandering-ELM-/data/processed/eye_processed_SART/data_preprocessedSART_114_001.csv.gz,/Users/evansalvarez/Eye-tracking-Loneliness-Mindwandering-ELM-/data/processed/fNIRS_processed_SART/hbo_hbr_csv/S114_SART_HbR.csv,294775,2879,294.774,294.7072,0.0668000000001712
/Users/evansalvarez/Eye-tracking-Loneliness-Mindwandering-ELM-/data/processed/eye_processed_SART/data_preprocessedSART_12_001_2025_03_26_18_07.csv.gz,/Users/evansalvarez/Eye-tracking-Loneliness-Mindwandering-ELM-/data/processed/fNIRS_processed_SART/hbo_hbr_csv/S12_SART_HbO.csv,292711,2859,292.71,292.6592,0.0507999999999242
/Users/evansalvarez/Eye-tracking-Loneliness-Mindwandering-ELM-/data/processed/eye_processed_SART/data_preprocessedSART_12_001_2025_03_26_18_07.csv.gz,/Users/evansalvarez/Eye-tracking-Loneliness-Mindwandering-ELM-/data/processed/fNIRS_processed_SART/hbo_hbr_csv/S12_SART_HbR.csv,292711,2859,292.71,292.6592,0.0507999999999242
/Users/evansalvarez/Eye-tracking-Loneliness-Mindwandering-ELM-/data/processed/eye_processed_SART/data_preprocessedSART_13_001_2025_03_31_14_26.csv.gz,/Users/evansalvarez/Eye-tracking-Loneliness-Mindwandering-ELM-/data/processed/fNIRS_processed_SART/hbo_hbr_csv/S13_SART_HbO.csv,295234,2884,295.233,295.2192,0.0138000000000034
/Users/evansalvarez/Eye-tracking-Loneliness-Mindwandering-ELM-/data/processed/eye_processed_SART/data_preprocessedSART_13_001_2025_03_31_14_26.csv.gz,/Users/evansalvarez/Eye-tracking-Loneliness-Mindwandering-ELM-/data/processed/fNIRS_processed_SART/hbo_hbr_csv/S13_SART_HbR.csv,295234,2884,295.233,295.2192,0.0138000000000034
/Users/evansalvarez/Eye-tracking-Loneliness-Mindwandering-ELM-/data/processed/eye_processed_SART/data_preprocessedSART_14_001_2025_03_31_16_34.csv.gz,/Users/evansalvarez/Eye-tracking-Loneliness-Mindwandering-ELM-/data/processed/fNIRS_processed_SART/hbo_hbr_csv/S14_SART_HbO.csv,290030,2833,290.029,289.9968,0.03220000000033
/Users/evansalvarez/Eye-tracking-Loneliness-Mindwandering-ELM-/data/processed/eye_processed_SART/data_preprocessedSART_14_001_2025_03_31_16_34.csv.gz,/Users/evansalvarez/Eye-tracking-Loneliness-Mindwandering-ELM-/data/processed/fNIRS_processed_SART/hbo_hbr_csv/S14_SART_HbR.csv,290030,2833,290.029,289.9968,0.03220000000033
/Users/evansalvarez/Eye-tracking-Loneliness-Mindwandering-ELM-/data/processed/eye_processed_SART/data_preprocessedSART_15_001_2025_04_02_11_42.csv.gz,/Users/evansalvarez/Eye-tracking-Loneliness-Mindwandering-ELM-/data/processed/fNIRS_processed_SART/hbo_hbr_csv/S15_SART_HbO.csv,289139,2824,289.138,289.0752,0.0628000000002089
/Users/evansalvarez/Eye-tracking-Loneliness-Mindwandering-ELM-/data/processed/eye_processed_SART/data_preprocessedSART_15_001_2025_04_02_11_42.csv.gz,/Users/evansalvarez/Eye-tracking-Loneliness-Mindwandering-ELM-/data/processed/fNIRS_processed_SART/hbo_hbr_csv/S15_SART_HbR.csv,289139,2824,289.138,289.0752,0.0628000000002089
/Users/evansalvarez/Eye-tracking-Loneliness-Mindwandering-ELM-/data/processed/eye_processed_SART/data_preprocessedSART_16_001_2025_04_02_18_44.csv.gz,/Users/evansalvarez/Eye-tracking-Loneliness-Mindwandering-ELM-/data/processed/fNIRS_processed_SART/hbo_hbr_csv/S16_SART_HbO.csv,290578,2838,290.577,290.5088,0.0681999999999334
/Users/evansalvarez/Eye-tracking-Loneliness-Mindwandering-ELM-/data/processed/eye_processed_SART/data_preprocessedSART_16_001_2025_04_02_18_44.csv.gz,/Users/evansalvarez/Eye-tracking-Loneliness-Mindwandering-ELM-/data/processed/fNIRS_processed_SART/hbo_hbr_csv/S16_SART_HbR.csv,290578,2838,290.577,290.5088,0.0681999999999334
/Users/evansalvarez/Eye-tracking-Loneliness-Mindwandering-ELM-/data/processed/eye_processed_SART/data_preprocessedSART_17_001_2025_04_07_15_25.csv.gz,/Users/evansalvarez/Eye-tracking-Loneliness-Mindwandering-ELM-/data/processed/fNIRS_processed_SART/hbo_hbr_csv/S17_SART_HbO.csv,286277,2796,286.276,286.208,0.0679999999999268
/Users/evansalvarez/Eye-tracking-Loneliness-Mindwandering-ELM-/data/processed/eye_processed_SART/data_preprocessedSART_17_001_2025_04_07_15_25.csv.gz,/Users/evansalvarez/Eye-tracking-Loneliness-Mindwandering-ELM-/data/processed/fNIRS_processed_SART/hbo_hbr_csv/S17_SART_HbR.csv,286277,2796,286.276,286.208,0.0679999999999268
/Users/evansalvarez/Eye-tracking-Loneliness-Mindwandering-ELM-/data/processed/eye_processed_SART/data_preprocessedSART_18_001_2025_04_08_12_25.csv.gz,/Users/evansalvarez/Eye-tracking-Loneliness-Mindwandering-ELM-/data/processed/fNIRS_processed_SART/hbo_hbr_csv/S18_SART_HbO.csv,291503,2848,291.502,291.5328,-0.0308000000001698
/Users/evansalvarez/Eye-tracking-Loneliness-Mindwandering-ELM-/data/processed/eye_processed_SART/data_preprocessedSART_18_001_2025_04_08_12_25.csv.gz,/Users/evansalvarez/Eye-tracking-Loneliness-Mindwandering-ELM-/data/processed/fNIRS_processed_SART/hbo_hbr_csv/S18_SART_HbR.csv,291503,2848,291.502,291.5328,-0.0308000000001698
/Users/evansalvarez/Eye-tracking-Loneliness-Mindwandering-ELM-/data/processed/eye_processed_SART/data_preprocessedSART_19_001_2025_04_09_15_41.csv.gz,/Users/evansalvarez/Eye-tracking-Loneliness-Mindwandering-ELM-/data/processed/fNIRS_processed_SART/hbo_hbr_csv/S19_SART_HbO.csv,290671,2840,290.67,290.7136,-0.0436000000000263
/Users/evansalvarez/Eye-tracking-Loneliness-Mindwandering-ELM-/data/processed/eye_processed_SART/data_preprocessedSART_19_001_2025_04_09_15_41.csv.gz,/Users/evansalvarez/Eye-tracking-Loneliness-Mindwandering-ELM-/data/processed/fNIRS_processed_SART/hbo_hbr_csv/S19_SART_HbR.csv,290671,2840,290.67,290.7136,-0.0436000000000263
/Users/evansalvarez/Eye-tracking-Loneliness-Mindwandering-ELM-/data/processed/eye_processed_SART/data_preprocessedSART_20_001_2025_04_09_18_34.csv.gz,/Users/evansalvarez/Eye-tracking-Loneliness-Mindwandering-ELM-/data/processed/fNIRS_processed_SART/hbo_hbr_csv/S20_SART_HbO.csv,291711,2849,291.71,291.6352,0.0748000000000388
/Users/evansalvarez/Eye-tracking-Loneliness-Mindwandering-ELM-/data/processed/eye_processed_SART/data_preprocessedSART_20_001_2025_04_09_18_34.csv.gz,/Users/evansalvarez/Eye-tracking-Loneliness-Mindwandering-ELM-/data/processed/fNIRS_processed_SART/hbo_hbr_csv/S20_SART_HbR.csv,291711,2849,291.71,291.6352,0.0748000000000388
/Users/evansalvarez/Eye-tracking-Loneliness-Mindwandering-ELM-/data/processed/eye_processed_SART/data_preprocessedSART_21_001_2025_04_11_11_55.csv.gz,/Users/evansalvarez/Eye-tracking-Loneliness-Mindwandering-ELM-/data/processed/fNIRS_processed_SART/hbo_hbr_csv/S21_SART_HbO.csv,291717,2849,291.716,291.6352,0.0808000000002949
/Users/evansalvarez/Eye-tracking-Loneliness-Mindwandering-ELM-/data/processed/eye_processed_SART/data_preprocessedSART_21_001_2025_04_11_11_55.csv.gz,/Users/evansalvarez/Eye-tracking-Loneliness-Mindwandering-ELM-/data/processed/fNIRS_processed_SART/hbo_hbr_csv/S21_SART_HbR.csv,291717,2849,291.716,291.6352,0.0808000000002949
/Users/evansalvarez/Eye-tracking-Loneliness-Mindwandering-ELM-/data/processed/eye_processed_SART/data_preprocessedSART_24_001_2025_04_18_18_51.csv.gz,/Users/evansalvarez/Eye-tracking-Loneliness-Mindwandering-ELM-/data/processed/fNIRS_processed_SART/hbo_hbr_csv/S24_SART_HbO.csv,289609,2828,289.608,289.4848,0.123199999999827
/Users/evansalvarez/Eye-tracking-Loneliness-Mindwandering-ELM-/data/processed/eye_processed_SART/data_preprocessedSART_24_001_2025_04_18_18_51.csv.gz,/Users/evansalvarez/Eye-tracking-Loneliness-Mindwandering-ELM-/data/processed/fNIRS_processed_SART/hbo_hbr_csv/S24_SART_HbR.csv,289609,2828,289.608,289.4848,0.123199999999827
/Users/evansalvarez/Eye-tracking-Loneliness-Mindwandering-ELM-/data/processed/eye_processed_SART/data_preprocessedSART_26_001_2025_04_22_15_39.csv.gz,/Users/evansalvarez/Eye-tracking-Loneliness-Mindwandering-ELM-/data/processed/fNIRS_processed_SART/hbo_hbr_csv/S26_SART_HbO.csv,288812,2821,288.811,288.768,0.0429999999999495
/Users/evansalvarez/Eye-tracking-Loneliness-Mindwandering-ELM-/data/processed/eye_processed_SART/data_preprocessedSART_26_001_2025_04_22_15_39.csv.gz,/Users/evansalvarez/Eye-tracking-Loneliness-Mindwandering-ELM-/data/processed/fNIRS_processed_SART/hbo_hbr_csv/S26_SART_HbR.csv,288812,2821,288.811,288.768,0.0429999999999495
/Users/evansalvarez/Eye-tracking-Loneliness-Mindwandering-ELM-/data/processed/eye_processed_SART/data_preprocessedSART_27_001_2025_04_28_13_28.csv.gz,/Users/evansalvarez/Eye-tracking-Loneliness-Mindwandering-ELM-/data/processed/fNIRS_processed_SART/hbo_hbr_csv/S27_SART_HbO.csv,284640,2780,284.639,284.5696,0.0693999999999733
/Users/evansalvarez/Eye-tracking-Loneliness-Mindwandering-ELM-/data/processed/eye_processed_SART/data_preprocessedSART_27_001_2025_04_28_13_28.csv.gz,/Users/evansalvarez/Eye-tracking-Loneliness-Mindwandering-ELM-/data/processed/fNIRS_processed_SART/hbo_hbr_csv/S27_SART_HbR.csv,284640,2780,284.639,284.5696,0.0693999999999733
/Users/evansalvarez/Eye-tracking-Loneliness-Mindwandering-ELM-/data/processed/eye_processed_SART/data_preprocessedSART_29_001_2025_04_28_18_32.csv.gz,/Users/evansalvarez/Eye-tracking-Loneliness-Mindwandering-ELM-/data/processed/fNIRS_processed_SART/hbo_hbr_csv/S29_SART_HbO.csv,291245,2845,291.244,291.2256,0.0184000000000424
/Users/evansalvarez/Eye-tracking-Loneliness-Mindwandering-ELM-/data/processed/eye_processed_SART/data_preprocessedSART_29_001_2025_04_28_18_32.csv.gz,/Users/evansalvarez/Eye-tracking-Loneliness-Mindwandering-ELM-/data/processed/fNIRS_processed_SART/hbo_hbr_csv/S29_SART_HbR.csv,291245,2845,291.244,291.2256,0.0184000000000424
/Users/evansalvarez/Eye-tracking-Loneliness-Mindwandering-ELM-/data/processed/eye_processed_SART/data_preprocessedSART_30_001.csv.gz,/Users/evansalvarez/Eye-tracking-Loneliness-Mindwandering-ELM-/data/processed/fNIRS_processed_SART/hbo_hbr_csv/S30_SART_HbO.csv,292047,2852,292.046,291.9424,0.103599999999858
/Users/evansalvarez/Eye-tracking-Loneliness-Mindwandering-ELM-/data/processed/eye_processed_SART/data_preprocessedSART_30_001.csv.gz,/Users/evansalvarez/Eye-tracking-Loneliness-Mindwandering-ELM-/data/processed/fNIRS_processed_SART/hbo_hbr_csv/S30_SART_HbR.csv,292047,2852,292.046,291.9424,0.103599999999858
/Users/evansalvarez/Eye-tracking-Loneliness-Mindwandering-ELM-/data/processed/eye_processed_SART/data_preprocessedSART_32_001.csv.gz,/Users/evansalvarez/Eye-tracking-Loneliness-Mindwandering-ELM-/data/processed/fNIRS_processed_SART/hbo_hbr_csv/S32_SART_HbO.csv,286192,2795,286.191,286.1056,0.0853999999998791
/Users/evansalvarez/Eye-tracking-Loneliness-Mindwandering-ELM-/data/processed/eye_processed_SART/data_preprocessedSART_32_001.csv.gz,/Users/evansalvarez/Eye-tracking-Loneliness-Mindwandering-ELM-/data/processed/fNIRS_processed_SART/hbo_hbr_csv/S32_SART_HbR.csv,286192,2795,286.191,286.1056,0.0853999999998791
/Users/evansalvarez/Eye-tracking-Loneliness-Mindwandering-ELM-/data/processed/eye_processed_SART/data_preprocessedSART_33_001.csv.gz,/Users/evansalvarez/Eye-tracking-Loneliness-Mindwandering-ELM-/data/processed/fNIRS_processed_SART/hbo_hbr_csv/S33_SART_HbO.csv,293544,2867,293.543,293.4784,0.0646000000000413
/Users/evansalvarez/Eye-tracking-Loneliness-Mindwandering-ELM-/data/processed/eye_processed_SART/data_preprocessedSART_33_001.csv.gz,/Users/evansalvarez/Eye-tracking-Loneliness-Mindwandering-ELM-/data/processed/fNIRS_processed_SART/hbo_hbr_csv/S33_SART_HbR.csv,293544,2867,293.543,293.4784,0.0646000000000413
/Users/evansalvarez/Eye-tracking-Loneliness-Mindwandering-ELM-/data/processed/eye_processed_SART/data_preprocessedSART_34_001.csv.gz,/Users/evansalvarez/Eye-tracking-Loneliness-Mindwandering-ELM-/data/processed/fNIRS_processed_SART/hbo_hbr_csv/S34_SART_HbO.csv,290467,2837,290.466,290.4064,0.0596000000001595
/Users/evansalvarez/Eye-tracking-Loneliness-Mindwandering-ELM-/data/processed/eye_processed_SART/data_preprocessedSART_34_001.csv.gz,/Users/evansalvarez/Eye-tracking-Loneliness-Mindwandering-ELM-/data/processed/fNIRS_processed_SART/hbo_hbr_csv/S34_SART_HbR.csv,290467,2837,290.466,290.4064,0.0596000000001595
/Users/evansalvarez/Eye-tracking-Loneliness-Mindwandering-ELM-/data/processed/eye_processed_SART/data_preprocessedSART_35_001.csv.gz,/Users/evansalvarez/Eye-tracking-Loneliness-Mindwandering-ELM-/data/processed/fNIRS_processed_SART/hbo_hbr_csv/S35_SART_HbO.csv,289332,2826,289.331,289.28,0.0510000000002719
/Users/evansalvarez/Eye-tracking-Loneliness-Mindwandering-ELM-/data/processed/eye_processed_SART/data_preprocessedSART_35_001.csv.gz,/Users/evansalvarez/Eye-tracking-Loneliness-Mindwandering-ELM-/data/processed/fNIRS_processed_SART/hbo_hbr_csv/S35_SART_HbR.csv,289332,2826,289.331,289.28,0.0510000000002719
/Users/evansalvarez/Eye-tracking-Loneliness-Mindwandering-ELM-/data/processed/eye_processed_SART/data_preprocessedSART_36_001.csv.gz,/Users/evansalvarez/Eye-tracking-Loneliness-Mindwandering-ELM-/data/processed/fNIRS_processed_SART/hbo_hbr_csv/S36_SART_HbO.csv,285919,2793,285.918,285.9008,0.0172000000001162
/Users/evansalvarez/Eye-tracking-Loneliness-Mindwandering-ELM-/data/processed/eye_processed_SART/data_preprocessedSART_36_001.csv.gz,/Users/evansalvarez/Eye-tracking-Loneliness-Mindwandering-ELM-/data/processed/fNIRS_processed_SART/hbo_hbr_csv/S36_SART_HbR.csv,285919,2793,285.918,285.9008,0.0172000000001162
/Users/evansalvarez/Eye-tracking-Loneliness-Mindwandering-ELM-/data/processed/eye_processed_SART/data_preprocessedSART_37_001.csv.gz,/Users/evansalvarez/Eye-tracking-Loneliness-Mindwandering-ELM-/data/processed/fNIRS_processed_SART/hbo_hbr_csv/S37_SART_HbO.csv,290200,2834,290.199,290.0992,0.0997999999999024
/Users/evansalvarez/Eye-tracking-Loneliness-Mindwandering-ELM-/data/processed/eye_processed_SART/data_preprocessedSART_37_001.csv.gz,/Users/evansalvarez/Eye-tracking-Loneliness-Mindwandering-ELM-/data/processed/fNIRS_processed_SART/hbo_hbr_csv/S37_SART_HbR.csv,290200,2834,290.199,290.0992,0.0997999999999024
/Users/evansalvarez/Eye-tracking-Loneliness-Mindwandering-ELM-/data/processed/eye_processed_SART/data_preprocessedSART_39_001.csv.gz,/Users/evansalvarez/Eye-tracking-Loneliness-Mindwandering-ELM-/data/processed/fNIRS_processed_SART/hbo_hbr_csv/S39_SART_HbO.csv,307656,3005,307.655,307.6096,0.0454000000001997
/Users/evansalvarez/Eye-tracking-Loneliness-Mindwandering-ELM-/data/processed/eye_processed_SART/data_preprocessedSART_39_001.csv.gz,/Users/evansalvarez/Eye-tracking-Loneliness-Mindwandering-ELM-/data/processed/fNIRS_processed_SART/hbo_hbr_csv/S39_SART_HbR.csv,307656,3005,307.655,307.6096,0.0454000000001997
/Users/evansalvarez/Eye-tracking-Loneliness-Mindwandering-ELM-/data/processed/eye_processed_SART/data_preprocessedSART_40_001.csv.gz,/Users/evansalvarez/Eye-tracking-Loneliness-Mindwandering-ELM-/data/processed/fNIRS_processed_SART/hbo_hbr_csv/S40_SART_HbO.csv,301456,2957,301.455,302.6944,-1.23939999999999
/Users/evansalvarez/Eye-tracking-Loneliness-Mindwandering-ELM-/data/processed/eye_processed_SART/data_preprocessedSART_40_001.csv.gz,/Users/evansalvarez/Eye-tracking-Loneliness-Mindwandering-ELM-/data/processed/fNIRS_processed_SART/hbo_hbr_csv/S40_SART_HbR.csv,301456,2957,301.455,302.6944,-1.23939999999999
/Users/evansalvarez/Eye-tracking-Loneliness-Mindwandering-ELM-/data/processed/eye_processed_SART/data_preprocessedSART_41_001.csv.gz,/Users/evansalvarez/Eye-tracking-Loneliness-Mindwandering-ELM-/data/processed/fNIRS_processed_SART/hbo_hbr_csv/S41_SART_HbO.csv,302007,2950,302.006,301.9776,0.0284000000002607
/Users/evansalvarez/Eye-tracking-Loneliness-Mindwandering-ELM-/data/processed/eye_processed_SART/data_preprocessedSART_41_001.csv.gz,/Users/evansalvarez/Eye-tracking-Loneliness-Mindwandering-ELM-/data/processed/fNIRS_processed_SART/hbo_hbr_csv/S41_SART_HbR.csv,302007,2950,302.006,301.9776,0.0284000000002607
/Users/evansalvarez/Eye-tracking-Loneliness-Mindwandering-ELM-/data/processed/eye_processed_SART/data_preprocessedSART_42_001.csv.gz,/Users/evansalvarez/Eye-tracking-Loneliness-Mindwandering-ELM-/data/processed/fNIRS_processed_SART/hbo_hbr_csv/S42_SART_HbO.csv,300044,2943,300.043,301.2608,-1.21780000000001
/Users/evansalvarez/Eye-tracking-Loneliness-Mindwandering-ELM-/data/processed/eye_processed_SART/data_preprocessedSART_42_001.csv.gz,/Users/evansalvarez/Eye-tracking-Loneliness-Mindwandering-ELM-/data/processed/fNIRS_processed_SART/hbo_hbr_csv/S42_SART_HbR.csv,300044,2943,300.043,301.2608,-1.21780000000001
/Users/evansalvarez/Eye-tracking-Loneliness-Mindwandering-ELM-/data/processed/eye_processed_SART/data_preprocessedSART_43_001.csv.gz,/Users/evansalvarez/Eye-tracking-Loneliness-Mindwandering-ELM-/data/processed/fNIRS_processed_SART/hbo_hbr_csv/S43_SART_HbO.csv,320991,3135,320.99,320.9216,0.0683999999998832
/Users/evansalvarez/Eye-tracking-Loneliness-Mindwandering-ELM-/data/processed/eye_processed_SART/data_preprocessedSART_43_001.csv.gz,/Users/evansalvarez/Eye-tracking-Loneliness-Mindwandering-ELM-/data/processed/fNIRS_processed_SART/hbo_hbr_csv/S43_SART_HbR.csv,320991,3135,320.99,320.9216,0.0683999999998832
/Users/evansalvarez/Eye-tracking-Loneliness-Mindwandering-ELM-/data/processed/eye_processed_SART/data_preprocessedSART_46_001.csv.gz,/Users/evansalvarez/Eye-tracking-Loneliness-Mindwandering-ELM-/data/processed/fNIRS_processed_SART/hbo_hbr_csv/S46_SART_HbO.csv,306369,2993,306.368,306.3808,-0.0128000000001407
/Users/evansalvarez/Eye-tracking-Loneliness-Mindwandering-ELM-/data/processed/eye_processed_SART/data_preprocessedSART_46_001.csv.gz,/Users/evansalvarez/Eye-tracking-Loneliness-Mindwandering-ELM-/data/processed/fNIRS_processed_SART/hbo_hbr_csv/S46_SART_HbR.csv,306369,2993,306.368,306.3808,-0.0128000000001407
/Users/evansalvarez/Eye-tracking-Loneliness-Mindwandering-ELM-/data/processed/eye_processed_SART/data_preprocessedSART_47_001.csv.gz,/Users/evansalvarez/Eye-tracking-Loneliness-Mindwandering-ELM-/data/processed/fNIRS_processed_SART/hbo_hbr_csv/S47_SART_HbO.csv,302929,2958,302.928,302.7968,0.131199999999922
/Users/evansalvarez/Eye-tracking-Loneliness-Mindwandering-ELM-/data/processed/eye_processed_SART/data_preprocessedSART_47_001.csv.gz,/Users/evansalvarez/Eye-tracking-Loneliness-Mindwandering-ELM-/data/processed/fNIRS_processed_SART/hbo_hbr_csv/S47_SART_HbR.csv,302929,2958,302.928,302.7968,0.131199999999922
/Users/evansalvarez/Eye-tracking-Loneliness-Mindwandering-ELM-/data/processed/eye_processed_SART/data_preprocessedSART_52_001.csv.gz,/Users/evansalvarez/Eye-tracking-Loneliness-Mindwandering-ELM-/data/processed/fNIRS_processed_SART/hbo_hbr_csv/S52_SART_HbO.csv,293329,2878,293.328,294.6048,-1.27679999999987
/Users/evansalvarez/Eye-tracking-Loneliness-Mindwandering-ELM-/data/processed/eye_processed_SART/data_preprocessedSART_52_001.csv.gz,/Users/evansalvarez/Eye-tracking-Loneliness-Mindwandering-ELM-/data/processed/fNIRS_processed_SART/hbo_hbr_csv/S52_SART_HbR.csv,293329,2878,293.328,294.6048,-1.27679999999987
/Users/evansalvarez/Eye-tracking-Loneliness-Mindwandering-ELM-/data/processed/eye_processed_SART/data_preprocessedSART_55_001.csv.gz,/Users/evansalvarez/Eye-tracking-Loneliness-Mindwandering-ELM-/data/processed/fNIRS_processed_SART/hbo_hbr_csv/S55_SART_HbO.csv,295871,2889,295.87,295.7312,0.13880000000006
/Users/evansalvarez/Eye-tracking-Loneliness-Mindwandering-ELM-/data/processed/eye_processed_SART/data_preprocessedSART_55_001.csv.gz,/Users/evansalvarez/Eye-tracking-Loneliness-Mindwandering-ELM-/data/processed/fNIRS_processed_SART/hbo_hbr_csv/S55_SART_HbR.csv,295871,2889,295.87,295.7312,0.13880000000006
/Users/evansalvarez/Eye-tracking-Loneliness-Mindwandering-ELM-/data/processed/eye_processed_SART/data_preprocessedSART_57_001.csv.gz,/Users/evansalvarez/Eye-tracking-Loneliness-Mindwandering-ELM-/data/processed/fNIRS_processed_SART/hbo_hbr_csv/S57_SART_HbO.csv,294929,2892,294.928,296.0384,-1.11039999999991
/Users/evansalvarez/Eye-tracking-Loneliness-Mindwandering-ELM-/data/processed/eye_processed_SART/data_preprocessedSART_57_001.csv.gz,/Users/evansalvarez/Eye-tracking-Loneliness-Mindwandering-ELM-/data/processed/fNIRS_processed_SART/hbo_hbr_csv/S57_SART_HbR.csv,294929,2892,294.928,296.0384,-1.11039999999991
/Users/evansalvarez/Eye-tracking-Loneliness-Mindwandering-ELM-/data/processed/eye_processed_SART/data_preprocessedSART_58_001.csv.gz,/Users/evansalvarez/Eye-tracking-Loneliness-Mindwandering-ELM-/data/processed/fNIRS_processed_SART/hbo_hbr_csv/S58_SART_HbO.csv,304232,2971,304.231,304.128,0.103000000000065
/Users/evansalvarez/Eye-tracking-Loneliness-Mindwandering-ELM-/data/processed/eye_processed_SART/data_preprocessedSART_58_001.csv.gz,/Users/evansalvarez/Eye-tracking-Loneliness-Mindwandering-ELM-/data/processed/fNIRS_processed_SART/hbo_hbr_csv/S58_SART_HbR.csv,304232,2971,304.231,304.128,0.103000000000065
/Users/evansalvarez/Eye-tracking-Loneliness-Mindwandering-ELM-/data/processed/eye_processed_SART/data_preprocessedSART_59_001.csv.gz,/Users/evansalvarez/Eye-tracking-Loneliness-Mindwandering-ELM-/data/processed/fNIRS_processed_SART/hbo_hbr_csv/S59_SART_HbO.csv,303378,2963,303.377,303.3088,0.0682000000002176
/Users/evansalvarez/Eye-tracking-Loneliness-Mindwandering-ELM-/data/processed/eye_processed_SART/data_preprocessedSART_59_001.csv.gz,/Users/evansalvarez/Eye-tracking-Loneliness-Mindwandering-ELM-/data/processed/fNIRS_processed_SART/hbo_hbr_csv/S59_SART_HbR.csv,303378,2963,303.377,303.3088,0.0682000000002176
/Users/evansalvarez/Eye-tracking-Loneliness-Mindwandering-ELM-/data/processed/eye_processed_SART/data_preprocessedSART_60_001.csv.gz,/Users/evansalvarez/Eye-tracking-Loneliness-Mindwandering-ELM-/data/processed/fNIRS_processed_SART/hbo_hbr_csv/S60_SART_HbO.csv,299877,2929,299.876,299.8272,0.0488000000000284
/Users/evansalvarez/Eye-tracking-Loneliness-Mindwandering-ELM-/data/processed/eye_processed_SART/data_preprocessedSART_60_001.csv.gz,/Users/evansalvarez/Eye-tracking-Loneliness-Mindwandering-ELM-/data/processed/fNIRS_processed_SART/hbo_hbr_csv/S60_SART_HbR.csv,299877,2929,299.876,299.8272,0.0488000000000284
/Users/evansalvarez/Eye-tracking-Loneliness-Mindwandering-ELM-/data/processed/eye_processed_SART/data_preprocessedSART_61_001.csv.gz,/Users/evansalvarez/Eye-tracking-Loneliness-Mindwandering-ELM-/data/processed/fNIRS_processed_SART/hbo_hbr_csv/S61_SART_HbO.csv,297399,2905,297.398,297.3696,0.0284000000000333
/Users/evansalvarez/Eye-tracking-Loneliness-Mindwandering-ELM-/data/processed/eye_processed_SART/data_preprocessedSART_61_001.csv.gz,/Users/evansalvarez/Eye-tracking-Loneliness-Mindwandering-ELM-/data/processed/fNIRS_processed_SART/hbo_hbr_csv/S61_SART_HbR.csv,297399,2905,297.398,297.3696,0.0284000000000333
/Users/evansalvarez/Eye-tracking-Loneliness-Mindwandering-ELM-/data/processed/eye_processed_SART/data_preprocessedSART_62_001.csv.gz,/Users/evansalvarez/Eye-tracking-Loneliness-Mindwandering-ELM-/data/processed/fNIRS_processed_SART/hbo_hbr_csv/S62_SART_HbO.csv,300880,2939,300.879,300.8512,0.0277999999999565
/Users/evansalvarez/Eye-tracking-Loneliness-Mindwandering-ELM-/data/processed/eye_processed_SART/data_preprocessedSART_62_001.csv.gz,/Users/evansalvarez/Eye-tracking-Loneliness-Mindwandering-ELM-/data/processed/fNIRS_processed_SART/hbo_hbr_csv/S62_SART_HbR.csv,300880,2939,300.879,300.8512,0.0277999999999565
/Users/evansalvarez/Eye-tracking-Loneliness-Mindwandering-ELM-/data/processed/eye_processed_SART/data_preprocessedSART_64_001.csv.gz,/Users/evansalvarez/Eye-tracking-Loneliness-Mindwandering-ELM-/data/processed/fNIRS_processed_SART/hbo_hbr_csv/S64_SART_HbO.csv,299265,2923,299.264,299.2128,0.0511999999999944
/Users/evansalvarez/Eye-tracking-Loneliness-Mindwandering-ELM-/data/processed/eye_processed_SART/data_preprocessedSART_64_001.csv.gz,/Users/evansalvarez/Eye-tracking-Loneliness-Mindwandering-ELM-/data/processed/fNIRS_processed_SART/hbo_hbr_csv/S64_SART_HbR.csv,299265,2923,299.264,299.2128,0.0511999999999944
/Users/evansalvarez/Eye-tracking-Loneliness-Mindwandering-ELM-/data/processed/eye_processed_SART/data_preprocessedSART_65_001.csv.gz,/Users/evansalvarez/Eye-tracking-Loneliness-Mindwandering-ELM-/data/processed/fNIRS_processed_SART/hbo_hbr_csv/S65_SART_HbO.csv,296787,2899,296.786,296.7552,0.0307999999999424
/Users/evansalvarez/Eye-tracking-Loneliness-Mindwandering-ELM-/data/processed/eye_processed_SART/data_preprocessedSART_65_001.csv.gz,/Users/evansalvarez/Eye-tracking-Loneliness-Mindwandering-ELM-/data/processed/fNIRS_processed_SART/hbo_hbr_csv/S65_SART_HbR.csv,296787,2899,296.786,296.7552,0.0307999999999424
/Users/evansalvarez/Eye-tracking-Loneliness-Mindwandering-ELM-/data/processed/eye_processed_SART/data_preprocessedSART_66_001.csv.gz,/Users/evansalvarez/Eye-tracking-Loneliness-Mindwandering-ELM-/data/processed/fNIRS_processed_SART/hbo_hbr_csv/S66_SART_HbO.csv,300047,2930,300.046,299.9296,0.116400000000056
/Users/evansalvarez/Eye-tracking-Loneliness-Mindwandering-ELM-/data/processed/eye_processed_SART/data_preprocessedSART_66_001.csv.gz,/Users/evansalvarez/Eye-tracking-Loneliness-Mindwandering-ELM-/data/processed/fNIRS_processed_SART/hbo_hbr_csv/S66_SART_HbR.csv,300047,2930,300.046,299.9296,0.116400000000056
/Users/evansalvarez/Eye-tracking-Loneliness-Mindwandering-ELM-/data/processed/eye_processed_SART/data_preprocessedSART_67_001.csv.gz,/Users/evansalvarez/Eye-tracking-Loneliness-Mindwandering-ELM-/data/processed/fNIRS_processed_SART/hbo_hbr_csv/S67_SART_HbO.csv,300758,2937,300.757,300.6464,0.110600000000147
/Users/evansalvarez/Eye-tracking-Loneliness-Mindwandering-ELM-/data/processed/eye_processed_SART/data_preprocessedSART_67_001.csv.gz,/Users/evansalvarez/Eye-tracking-Loneliness-Mindwandering-ELM-/data/processed/fNIRS_processed_SART/hbo_hbr_csv/S67_SART_HbR.csv,300758,2937,300.757,300.6464,0.110600000000147
/Users/evansalvarez/Eye-tracking-Loneliness-Mindwandering-ELM-/data/processed/eye_processed_SART/data_preprocessedSART_68_001.csv.gz,/Users/evansalvarez/Eye-tracking-Loneliness-Mindwandering-ELM-/data/processed/fNIRS_processed_SART/hbo_hbr_csv/S68_SART_HbO.csv,304539,2974,304.538,304.4352,0.102799999999661
/Users/evansalvarez/Eye-tracking-Loneliness-Mindwandering-ELM-/data/processed/eye_processed_SART/data_preprocessedSART_68_001.csv.gz,/Users/evansalvarez/Eye-tracking-Loneliness-Mindwandering-ELM-/data/processed/fNIRS_processed_SART/hbo_hbr_csv/S68_SART_HbR.csv,304539,2974,304.538,304.4352,0.102799999999661
/Users/evansalvarez/Eye-tracking-Loneliness-Mindwandering-ELM-/data/processed/eye_processed_SART/data_preprocessedSART_70_001.csv.gz,/Users/evansalvarez/Eye-tracking-Loneliness-Mindwandering-ELM-/data/processed/fNIRS_processed_SART/hbo_hbr_csv/S70_SART_HbO.csv,299480,2924,299.479,299.3152,0.163799999999981
/Users/evansalvarez/Eye-tracking-Loneliness-Mindwandering-ELM-/data/processed/eye_processed_SART/data_preprocessedSART_70_001.csv.gz,/Users/evansalvarez/Eye-tracking-Loneliness-Mindwandering-ELM-/data/processed/fNIRS_processed_SART/hbo_hbr_csv/S70_SART_HbR.csv,299480,2924,299.479,299.3152,0.163799999999981
/Users/evansalvarez/Eye-tracking-Loneliness-Mindwandering-ELM-/data/processed/eye_processed_SART/data_preprocessedSART_71_001.csv.gz,/Users/evansalvarez/Eye-tracking-Loneliness-Mindwandering-ELM-/data/processed/fNIRS_processed_SART/hbo_hbr_csv/S71_SART_HbO.csv,302181,2951,302.18,302.08,0.10000000000008
/Users/evansalvarez/Eye-tracking-Loneliness-Mindwandering-ELM-/data/processed/eye_processed_SART/data_preprocessedSART_71_001.csv.gz,/Users/evansalvarez/Eye-tracking-Loneliness-Mindwandering-ELM-/data/processed/fNIRS_processed_SART/hbo_hbr_csv/S71_SART_HbR.csv,302181,2951,302.18,302.08,0.10000000000008
/Users/evansalvarez/Eye-tracking-Loneliness-Mindwandering-ELM-/data/processed/eye_processed_SART/data_preprocessedSART_72_001.csv.gz,/Users/evansalvarez/Eye-tracking-Loneliness-Mindwandering-ELM-/data/processed/fNIRS_processed_SART/hbo_hbr_csv/S72_SART_HbO.csv,299353,2923,299.352,299.2128,0.139200000000187
/Users/evansalvarez/Eye-tracking-Loneliness-Mindwandering-ELM-/data/processed/eye_processed_SART/data_preprocessedSART_72_001.csv.gz,/Users/evansalvarez/Eye-tracking-Loneliness-Mindwandering-ELM-/data/processed/fNIRS_processed_SART/hbo_hbr_csv/S72_SART_HbR.csv,299353,2923,299.352,299.2128,0.139200000000187
/Users/evansalvarez/Eye-tracking-Loneliness-Mindwandering-ELM-/data/processed/eye_processed_SART/data_preprocessedSART_73_001.csv.gz,/Users/evansalvarez/Eye-tracking-Loneliness-Mindwandering-ELM-/data/processed/fNIRS_processed_SART/hbo_hbr_csv/S73_SART_HbO.csv,300036,2931,300.035,300.032,0.00300000000009959
/Users/evansalvarez/Eye-tracking-Loneliness-Mindwandering-ELM-/data/processed/eye_processed_SART/data_preprocessedSART_73_001.csv.gz,/Users/evansalvarez/Eye-tracking-Loneliness-Mindwandering-ELM-/data/processed/fNIRS_processed_SART/hbo_hbr_csv/S73_SART_HbR.csv,300036,2931,300.035,300.032,0.00300000000009959
/Users/evansalvarez/Eye-tracking-Loneliness-Mindwandering-ELM-/data/processed/eye_processed_SART/data_preprocessedSART_75_001.csv.gz,/Users/evansalvarez/Eye-tracking-Loneliness-Mindwandering-ELM-/data/processed/fNIRS_processed_SART/hbo_hbr_csv/S75_SART_HbO.csv,302153,2951,302.152,302.08,0.0719999999998322
/Users/evansalvarez/Eye-tracking-Loneliness-Mindwandering-ELM-/data/processed/eye_processed_SART/data_preprocessedSART_75_001.csv.gz,/Users/evansalvarez/Eye-tracking-Loneliness-Mindwandering-ELM-/data/processed/fNIRS_processed_SART/hbo_hbr_csv/S75_SART_HbR.csv,302153,2951,302.152,302.08,0.0719999999998322
/Users/evansalvarez/Eye-tracking-Loneliness-Mindwandering-ELM-/data/processed/eye_processed_SART/data_preprocessedSART_77_001.csv.gz,/Users/evansalvarez/Eye-tracking-Loneliness-Mindwandering-ELM-/data/processed/fNIRS_processed_SART/hbo_hbr_csv/S77_SART_HbO.csv,297565,2906,297.564,297.472,0.0920000000000414
/Users/evansalvarez/Eye-tracking-Loneliness-Mindwandering-ELM-/data/processed/eye_processed_SART/data_preprocessedSART_77_001.csv.gz,/Users/evansalvarez/Eye-tracking-Loneliness-Mindwandering-ELM-/data/processed/fNIRS_processed_SART/hbo_hbr_csv/S77_SART_HbR.csv,297565,2906,297.564,297.472,0.0920000000000414
/Users/evansalvarez/Eye-tracking-Loneliness-Mindwandering-ELM-/data/processed/eye_processed_SART/data_preprocessedSART_78_001.csv.gz,/Users/evansalvarez/Eye-tracking-Loneliness-Mindwandering-ELM-/data/processed/fNIRS_processed_SART/hbo_hbr_csv/S78_SART_HbO.csv,298960,2919,298.959,298.8032,0.155799999999942
/Users/evansalvarez/Eye-tracking-Loneliness-Mindwandering-ELM-/data/processed/eye_processed_SART/data_preprocessedSART_78_001.csv.gz,/Users/evansalvarez/Eye-tracking-Loneliness-Mindwandering-ELM-/data/processed/fNIRS_processed_SART/hbo_hbr_csv/S78_SART_HbR.csv,298960,2919,298.959,298.8032,0.155799999999942
/Users/evansalvarez/Eye-tracking-Loneliness-Mindwandering-ELM-/data/processed/eye_processed_SART/data_preprocessedSART_82_001.csv.gz,/Users/evansalvarez/Eye-tracking-Loneliness-Mindwandering-ELM-/data/processed/fNIRS_processed_SART/hbo_hbr_csv/S82_SART_HbO.csv,298043,2911,298.042,297.984,0.0580000000000496
/Users/evansalvarez/Eye-tracking-Loneliness-Mindwandering-ELM-/data/processed/eye_processed_SART/data_preprocessedSART_82_001.csv.gz,/Users/evansalvarez/Eye-tracking-Loneliness-Mindwandering-ELM-/data/processed/fNIRS_processed_SART/hbo_hbr_csv/S82_SART_HbR.csv,298043,2911,298.042,297.984,0.0580000000000496
/Users/evansalvarez/Eye-tracking-Loneliness-Mindwandering-ELM-/data/processed/eye_processed_SART/data_preprocessedSART_83_001.csv.gz,/Users/evansalvarez/Eye-tracking-Loneliness-Mindwandering-ELM-/data/processed/fNIRS_processed_SART/hbo_hbr_csv/S83_SART_HbO.csv,295598,2887,295.597,295.5264,0.0706000000002405
/Users/evansalvarez/Eye-tracking-Loneliness-Mindwandering-ELM-/data/processed/eye_processed_SART/data_preprocessedSART_83_001.csv.gz,/Users/evansalvarez/Eye-tracking-Loneliness-Mindwandering-ELM-/data/processed/fNIRS_processed_SART/hbo_hbr_csv/S83_SART_HbR.csv,295598,2887,295.597,295.5264,0.0706000000002405
/Users/evansalvarez/Eye-tracking-Loneliness-Mindwandering-ELM-/data/processed/eye_processed_SART/data_preprocessedSART_85_001.csv.gz,/Users/evansalvarez/Eye-tracking-Loneliness-Mindwandering-ELM-/data/processed/fNIRS_processed_SART/hbo_hbr_csv/S85_SART_HbO.csv,305111,2979,305.11,304.9472,0.162799999999947
/Users/evansalvarez/Eye-tracking-Loneliness-Mindwandering-ELM-/data/processed/eye_processed_SART/data_preprocessedSART_85_001.csv.gz,/Users/evansalvarez/Eye-tracking-Loneliness-Mindwandering-ELM-/data/processed/fNIRS_processed_SART/hbo_hbr_csv/S85_SART_HbR.csv,305111,2979,305.11,304.9472,0.162799999999947
/Users/evansalvarez/Eye-tracking-Loneliness-Mindwandering-ELM-/data/processed/eye_processed_SART/data_preprocessedSART_86_001.csv.gz,/Users/evansalvarez/Eye-tracking-Loneliness-Mindwandering-ELM-/data/processed/fNIRS_processed_SART/hbo_hbr_csv/S86_SART_HbO.csv,300334,2933,300.333,300.2368,0.096200000000124
/Users/evansalvarez/Eye-tracking-Loneliness-Mindwandering-ELM-/data/processed/eye_processed_SART/data_preprocessedSART_86_001.csv.gz,/Users/evansalvarez/Eye-tracking-Loneliness-Mindwandering-ELM-/data/processed/fNIRS_processed_SART/hbo_hbr_csv/S86_SART_HbR.csv,300334,2933,300.333,300.2368,0.096200000000124
/Users/evansalvarez/Eye-tracking-Loneliness-Mindwandering-ELM-/data/processed/eye_processed_SART/data_preprocessedSART_87_001.csv.gz,/Users/evansalvarez/Eye-tracking-Loneliness-Mindwandering-ELM-/data/processed/fNIRS_processed_SART/hbo_hbr_csv/S87_SART_HbO.csv,291629,2848,291.628,291.5328,0.0952000000000339
/Users/evansalvarez/Eye-tracking-Loneliness-Mindwandering-ELM-/data/processed/eye_processed_SART/data_preprocessedSART_87_001.csv.gz,/Users/evansalvarez/Eye-tracking-Loneliness-Mindwandering-ELM-/data/processed/fNIRS_processed_SART/hbo_hbr_csv/S87_SART_HbR.csv,291629,2848,291.628,291.5328,0.0952000000000339
/Users/evansalvarez/Eye-tracking-Loneliness-Mindwandering-ELM-/data/processed/eye_processed_SART/data_preprocessedSART_88_001.csv.gz,/Users/evansalvarez/Eye-tracking-Loneliness-Mindwandering-ELM-/data/processed/fNIRS_processed_SART/hbo_hbr_csv/S88_SART_HbO.csv,295285,2884,295.284,295.2192,0.0647999999999911
/Users/evansalvarez/Eye-tracking-Loneliness-Mindwandering-ELM-/data/processed/eye_processed_SART/data_preprocessedSART_88_001.csv.gz,/Users/evansalvarez/Eye-tracking-Loneliness-Mindwandering-ELM-/data/processed/fNIRS_processed_SART/hbo_hbr_csv/S88_SART_HbR.csv,295285,2884,295.284,295.2192,0.0647999999999911
/Users/evansalvarez/Eye-tracking-Loneliness-Mindwandering-ELM-/data/processed/eye_processed_SART/data_preprocessedSART_89_001.csv.gz,/Users/evansalvarez/Eye-tracking-Loneliness-Mindwandering-ELM-/data/processed/fNIRS_processed_SART/hbo_hbr_csv/S89_SART_HbO.csv,301066,2941,301.065,301.056,0.00900000000018508
/Users/evansalvarez/Eye-tracking-Loneliness-Mindwandering-ELM-/data/processed/eye_processed_SART/data_preprocessedSART_89_001.csv.gz,/Users/evansalvarez/Eye-tracking-Loneliness-Mindwandering-ELM-/data/processed/fNIRS_processed_SART/hbo_hbr_csv/S89_SART_HbR.csv,301066,2941,301.065,301.056,0.00900000000018508
/Users/evansalvarez/Eye-tracking-Loneliness-Mindwandering-ELM-/data/processed/eye_processed_SART/data_preprocessedSART_90_001.csv.gz,/Users/evansalvarez/Eye-tracking-Loneliness-Mindwandering-ELM-/data/processed/fNIRS_processed_SART/hbo_hbr_csv/S90_SART_HbO.csv,293727,2869,293.726,293.6832,0.0428000000000566
/Users/evansalvarez/Eye-tracking-Loneliness-Mindwandering-ELM-/data/processed/eye_processed_SART/data_preprocessedSART_90_001.csv.gz,/Users/evansalvarez/Eye-tracking-Loneliness-Mindwandering-ELM-/data/processed/fNIRS_processed_SART/hbo_hbr_csv/S90_SART_HbR.csv,293727,2869,293.726,293.6832,0.0428000000000566
/Users/evansalvarez/Eye-tracking-Loneliness-Mindwandering-ELM-/data/processed/eye_processed_SART/data_preprocessedSART_92_001.csv.gz,/Users/evansalvarez/Eye-tracking-Loneliness-Mindwandering-ELM-/data/processed/fNIRS_processed_SART/hbo_hbr_csv/S92_SART_HbO.csv,306517,2994,306.516,306.4832,0.0327999999998951
/Users/evansalvarez/Eye-tracking-Loneliness-Mindwandering-ELM-/data/processed/eye_processed_SART/data_preprocessedSART_92_001.csv.gz,/Users/evansalvarez/Eye-tracking-Loneliness-Mindwandering-ELM-/data/processed/fNIRS_processed_SART/hbo_hbr_csv/S92_SART_HbR.csv,306517,2994,306.516,306.4832,0.0327999999998951
/Users/evansalvarez/Eye-tracking-Loneliness-Mindwandering-ELM-/data/processed/eye_processed_SART/data_preprocessedSART_93_001.csv.gz,/Users/evansalvarez/Eye-tracking-Loneliness-Mindwandering-ELM-/data/processed/fNIRS_processed_SART/hbo_hbr_csv/S93_SART_HbO.csv,309186,3020,309.185,309.1456,0.0394000000001711
/Users/evansalvarez/Eye-tracking-Loneliness-Mindwandering-ELM-/data/processed/eye_processed_SART/data_preprocessedSART_93_001.csv.gz,/Users/evansalvarez/Eye-tracking-Loneliness-Mindwandering-ELM-/data/processed/fNIRS_processed_SART/hbo_hbr_csv/S93_SART_HbR.csv,309186,3020,309.185,309.1456,0.0394000000001711
/Users/evansalvarez/Eye-tracking-Loneliness-Mindwandering-ELM-/data/processed/eye_processed_SART/data_preprocessedSART_94_001.csv.gz,/Users/evansalvarez/Eye-tracking-Loneliness-Mindwandering-ELM-/data/processed/fNIRS_processed_SART/hbo_hbr_csv/S94_SART_HbO.csv,300483,2935,300.482,300.4416,0.0403999999999201
/Users/evansalvarez/Eye-tracking-Loneliness-Mindwandering-ELM-/data/processed/eye_processed_SART/data_preprocessedSART_94_001.csv.gz,/Users/evansalvarez/Eye-tracking-Loneliness-Mindwandering-ELM-/data/processed/fNIRS_processed_SART/hbo_hbr_csv/S94_SART_HbR.csv,300483,2935,300.482,300.4416,0.0403999999999201
/Users/evansalvarez/Eye-tracking-Loneliness-Mindwandering-ELM-/data/processed/eye_processed_SART/data_preprocessedSART_95_001.csv.gz,/Users/evansalvarez/Eye-tracking-Loneliness-Mindwandering-ELM-/data/processed/fNIRS_processed_SART/hbo_hbr_csv/S95_SART_HbO.csv,304838,2977,304.837,304.7424,0.0945999999999003
/Users/evansalvarez/Eye-tracking-Loneliness-Mindwandering-ELM-/data/processed/eye_processed_SART/data_preprocessedSART_95_001.csv.gz,/Users/evansalvarez/Eye-tracking-Loneliness-Mindwandering-ELM-/data/processed/fNIRS_processed_SART/hbo_hbr_csv/S95_SART_HbR.csv,304838,2977,304.837,304.7424,0.0945999999999003
/Users/evansalvarez/Eye-tracking-Loneliness-Mindwandering-ELM-/data/processed/eye_processed_SART/data_preprocessedSART_96_001.csv.gz,/Users/evansalvarez/Eye-tracking-Loneliness-Mindwandering-ELM-/data/processed/fNIRS_processed_SART/hbo_hbr_csv/S96_SART_HbO.csv,351171,3444,351.17,352.5632,-1.39320000000004
/Users/evansalvarez/Eye-tracking-Loneliness-Mindwandering-ELM-/data/processed/eye_processed_SART/data_preprocessedSART_96_001.csv.gz,/Users/evansalvarez/Eye-tracking-Loneliness-Mindwandering-ELM-/data/processed/fNIRS_processed_SART/hbo_hbr_csv/S96_SART_HbR.csv,351171,3444,351.17,352.5632,-1.39320000000004
/Users/evansalvarez/Eye-tracking-Loneliness-Mindwandering-ELM-/data/processed/eye_processed_SART/data_preprocessedSART_97_001.csv.gz,/Users/evansalvarez/Eye-tracking-Loneliness-Mindwandering-ELM-/data/processed/fNIRS_processed_SART/hbo_hbr_csv/S97_SART_HbO.csv,298941,2920,298.94,298.9056,0.0343999999999483
/Users/evansalvarez/Eye-tracking-Loneliness-Mindwandering-ELM-/data/processed/eye_processed_SART/data_preprocessedSART_97_001.csv.gz,/Users/evansalvarez/Eye-tracking-Loneliness-Mindwandering-ELM-/data/processed/fNIRS_processed_SART/hbo_hbr_csv/S97_SART_HbR.csv,298941,2920,298.94,298.9056,0.0343999999999483
/Users/evansalvarez/Eye-tracking-Loneliness-Mindwandering-ELM-/data/processed/eye_processed_SART/data_preprocessedSART_98_001.csv.gz,/Users/evansalvarez/Eye-tracking-Loneliness-Mindwandering-ELM-/data/processed/fNIRS_processed_SART/hbo_hbr_csv/S98_SART_HbO.csv,295637,2887,295.636,295.5264,0.109600000000285
/Users/evansalvarez/Eye-tracking-Loneliness-Mindwandering-ELM-/data/processed/eye_processed_SART/data_preprocessedSART_98_001.csv.gz,/Users/evansalvarez/Eye-tracking-Loneliness-Mindwandering-ELM-/data/processed/fNIRS_processed_SART/hbo_hbr_csv/S98_SART_HbR.csv,295637,2887,295.636,295.5264,0.109600000000285
/Users/evansalvarez/Eye-tracking-Loneliness-Mindwandering-ELM-/data/processed/eye_processed_SART/data_preprocessedSART_99_001.csv.gz,/Users/evansalvarez/Eye-tracking-Loneliness-Mindwandering-ELM-/data/processed/fNIRS_processed_SART/hbo_hbr_csv/S99_SART_HbO.csv,300419,2934,300.418,300.3392,0.07879999999966
/Users/evansalvarez/Eye-tracking-Loneliness-Mindwandering-ELM-/data/processed/eye_processed_SART/data_preprocessedSART_99_001.csv.gz,/Users/evansalvarez/Eye-tracking-Loneliness-Mindwandering-ELM-/data/processed/fNIRS_processed_SART/hbo_hbr_csv/S99_SART_HbR.csv,300419,2934,300.418,300.3392,0.07879999999966
