eye_file,neural_file,subject_id
/Users/evansalvarez/Eye-tracking-Loneliness-Mindwandering-ELM-/data/processed/eye_processed_SART/data_preprocessedSART_02_2025_02_26_18_12.csv.gz,/Users/evansalvarez/Eye-tracking-Loneliness-Mindwandering-ELM-/data/processed/fNIRS_processed_SART/hbo_hbr_csv/S2_SART_HbO.csv,02
/Users/evansalvarez/Eye-tracking-Loneliness-Mindwandering-ELM-/data/processed/eye_processed_SART/data_preprocessedSART_02_2025_02_26_18_12.csv.gz,/Users/evansalvarez/Eye-tracking-Loneliness-Mindwandering-ELM-/data/processed/fNIRS_processed_SART/hbo_hbr_csv/S2_SART_HbR.csv,02
/Users/evansalvarez/Eye-tracking-Loneliness-Mindwandering-ELM-/data/processed/eye_processed_SART/data_preprocessedSART_03_2025_03_03_17_03.csv.gz,/Users/evansalvarez/Eye-tracking-Loneliness-Mindwandering-ELM-/data/processed/fNIRS_processed_SART/hbo_hbr_csv/S3_SART_HbO.csv,03
/Users/evansalvarez/Eye-tracking-Loneliness-Mindwandering-ELM-/data/processed/eye_processed_SART/data_preprocessedSART_03_2025_03_03_17_03.csv.gz,/Users/evansalvarez/Eye-tracking-Loneliness-Mindwandering-ELM-/data/processed/fNIRS_processed_SART/hbo_hbr_csv/S3_SART_HbR.csv,03
/Users/evansalvarez/Eye-tracking-Loneliness-Mindwandering-ELM-/data/processed/eye_processed_SART/data_preprocessedSART_04_2025_03_05_11_55.csv.gz,/Users/evansalvarez/Eye-tracking-Loneliness-Mindwandering-ELM-/data/processed/fNIRS_processed_SART/hbo_hbr_csv/S4_SART_HbO.csv,04
/Users/evansalvarez/Eye-tracking-Loneliness-Mindwandering-ELM-/data/processed/eye_processed_SART/data_preprocessedSART_04_2025_03_05_11_55.csv.gz,/Users/evansalvarez/Eye-tracking-Loneliness-Mindwandering-ELM-/data/processed/fNIRS_processed_SART/hbo_hbr_csv/S4_SART_HbR.csv,04
/Users/evansalvarez/Eye-tracking-Loneliness-Mindwandering-ELM-/data/processed/eye_processed_SART/data_preprocessedSART_048_001.csv.gz,/Users/evansalvarez/Eye-tracking-Loneliness-Mindwandering-ELM-/data/processed/fNIRS_processed_SART/hbo_hbr_csv/S48_SART_HbO.csv,48
/Users/evansalvarez/Eye-tracking-Loneliness-Mindwandering-ELM-/data/processed/eye_processed_SART/data_preprocessedSART_048_001.csv.gz,/Users/evansalvarez/Eye-tracking-Loneliness-Mindwandering-ELM-/data/processed/fNIRS_processed_SART/hbo_hbr_csv/S48_SART_HbR.csv,48
/Users/evansalvarez/Eye-tracking-Loneliness-Mindwandering-ELM-/data/processed/eye_processed_SART/data_preprocessedSART_05_2025_03_05_17_55.csv.gz,/Users/evansalvarez/Eye-tracking-Loneliness-Mindwandering-ELM-/data/processed/fNIRS_processed_SART/hbo_hbr_csv/S5_SART_HbO.csv,05
/Users/evansalvarez/Eye-tracking-Loneliness-Mindwandering-ELM-/data/processed/eye_processed_SART/data_preprocessedSART_05_2025_03_05_17_55.csv.gz,/Users/evansalvarez/Eye-tracking-Loneliness-Mindwandering-ELM-/data/processed/fNIRS_processed_SART/hbo_hbr_csv/S5_SART_HbR.csv,05
/Users/evansalvarez/Eye-tracking-Loneliness-Mindwandering-ELM-/data/processed/eye_processed_SART/data_preprocessedSART_051_001.csv.gz,/Users/evansalvarez/Eye-tracking-Loneliness-Mindwandering-ELM-/data/processed/fNIRS_processed_SART/hbo_hbr_csv/S51_SART_HbO.csv,51
/Users/evansalvarez/Eye-tracking-Loneliness-Mindwandering-ELM-/data/processed/eye_processed_SART/data_preprocessedSART_051_001.csv.gz,/Users/evansalvarez/Eye-tracking-Loneliness-Mindwandering-ELM-/data/processed/fNIRS_processed_SART/hbo_hbr_csv/S51_SART_HbR.csv,51
/Users/evansalvarez/Eye-tracking-Loneliness-Mindwandering-ELM-/data/processed/eye_processed_SART/data_preprocessedSART_054_001.csv.gz,/Users/evansalvarez/Eye-tracking-Loneliness-Mindwandering-ELM-/data/processed/fNIRS_processed_SART/hbo_hbr_csv/S54_SART_HbO.csv,54
/Users/evansalvarez/Eye-tracking-Loneliness-Mindwandering-ELM-/data/processed/eye_processed_SART/data_preprocessedSART_054_001.csv.gz,/Users/evansalvarez/Eye-tracking-Loneliness-Mindwandering-ELM-/data/processed/fNIRS_processed_SART/hbo_hbr_csv/S54_SART_HbR.csv,54
/Users/evansalvarez/Eye-tracking-Loneliness-Mindwandering-ELM-/data/processed/eye_processed_SART/data_preprocessedSART_06_2025_03_07_11_39.csv.gz,/Users/evansalvarez/Eye-tracking-Loneliness-Mindwandering-ELM-/data/processed/fNIRS_processed_SART/hbo_hbr_csv/S6_SART_HbO.csv,06
/Users/evansalvarez/Eye-tracking-Loneliness-Mindwandering-ELM-/data/processed/eye_processed_SART/data_preprocessedSART_06_2025_03_07_11_39.csv.gz,/Users/evansalvarez/Eye-tracking-Loneliness-Mindwandering-ELM-/data/processed/fNIRS_processed_SART/hbo_hbr_csv/S6_SART_HbR.csv,06
/Users/evansalvarez/Eye-tracking-Loneliness-Mindwandering-ELM-/data/processed/eye_processed_SART/data_preprocessedSART_07_2025_03_12_12_01.csv.gz,/Users/evansalvarez/Eye-tracking-Loneliness-Mindwandering-ELM-/data/processed/fNIRS_processed_SART/hbo_hbr_csv/S7_SART_HbO.csv,07
/Users/evansalvarez/Eye-tracking-Loneliness-Mindwandering-ELM-/data/processed/eye_processed_SART/data_preprocessedSART_07_2025_03_12_12_01.csv.gz,/Users/evansalvarez/Eye-tracking-Loneliness-Mindwandering-ELM-/data/processed/fNIRS_processed_SART/hbo_hbr_csv/S7_SART_HbR.csv,07
/Users/evansalvarez/Eye-tracking-Loneliness-Mindwandering-ELM-/data/processed/eye_processed_SART/data_preprocessedSART_08_001_2025_03_12_17_54.csv.gz,/Users/evansalvarez/Eye-tracking-Loneliness-Mindwandering-ELM-/data/processed/fNIRS_processed_SART/hbo_hbr_csv/S8_SART_HbO.csv,08
/Users/evansalvarez/Eye-tracking-Loneliness-Mindwandering-ELM-/data/processed/eye_processed_SART/data_preprocessedSART_08_001_2025_03_12_17_54.csv.gz,/Users/evansalvarez/Eye-tracking-Loneliness-Mindwandering-ELM-/data/processed/fNIRS_processed_SART/hbo_hbr_csv/S8_SART_HbR.csv,08
/Users/evansalvarez/Eye-tracking-Loneliness-Mindwandering-ELM-/data/processed/eye_processed_SART/data_preprocessedSART_084_001.csv.gz,/Users/evansalvarez/Eye-tracking-Loneliness-Mindwandering-ELM-/data/processed/fNIRS_processed_SART/hbo_hbr_csv/S84_SART_HbO.csv,84
/Users/evansalvarez/Eye-tracking-Loneliness-Mindwandering-ELM-/data/processed/eye_processed_SART/data_preprocessedSART_084_001.csv.gz,/Users/evansalvarez/Eye-tracking-Loneliness-Mindwandering-ELM-/data/processed/fNIRS_processed_SART/hbo_hbr_csv/S84_SART_HbR.csv,84
/Users/evansalvarez/Eye-tracking-Loneliness-Mindwandering-ELM-/data/processed/eye_processed_SART/data_preprocessedSART_09_001_2025_03_13_19_25.csv.gz,/Users/evansalvarez/Eye-tracking-Loneliness-Mindwandering-ELM-/data/processed/fNIRS_processed_SART/hbo_hbr_csv/S9_SART_HbO.csv,09
/Users/evansalvarez/Eye-tracking-Loneliness-Mindwandering-ELM-/data/processed/eye_processed_SART/data_preprocessedSART_09_001_2025_03_13_19_25.csv.gz,/Users/evansalvarez/Eye-tracking-Loneliness-Mindwandering-ELM-/data/processed/fNIRS_processed_SART/hbo_hbr_csv/S9_SART_HbR.csv,09
/Users/evansalvarez/Eye-tracking-Loneliness-Mindwandering-ELM-/data/processed/eye_processed_SART/data_preprocessedSART_100_001.csv.gz,/Users/evansalvarez/Eye-tracking-Loneliness-Mindwandering-ELM-/data/processed/fNIRS_processed_SART/hbo_hbr_csv/S100_SART_HbO.csv,100
/Users/evansalvarez/Eye-tracking-Loneliness-Mindwandering-ELM-/data/processed/eye_processed_SART/data_preprocessedSART_100_001.csv.gz,/Users/evansalvarez/Eye-tracking-Loneliness-Mindwandering-ELM-/data/processed/fNIRS_processed_SART/hbo_hbr_csv/S100_SART_HbR.csv,100
/Users/evansalvarez/Eye-tracking-Loneliness-Mindwandering-ELM-/data/processed/eye_processed_SART/data_preprocessedSART_102_001.csv.gz,/Users/evansalvarez/Eye-tracking-Loneliness-Mindwandering-ELM-/data/processed/fNIRS_processed_SART/hbo_hbr_csv/S102_SART_HbO.csv,102
/Users/evansalvarez/Eye-tracking-Loneliness-Mindwandering-ELM-/data/processed/eye_processed_SART/data_preprocessedSART_102_001.csv.gz,/Users/evansalvarez/Eye-tracking-Loneliness-Mindwandering-ELM-/data/processed/fNIRS_processed_SART/hbo_hbr_csv/S102_SART_HbR.csv,102
/Users/evansalvarez/Eye-tracking-Loneliness-Mindwandering-ELM-/data/processed/eye_processed_SART/data_preprocessedSART_103_001.csv.gz,/Users/evansalvarez/Eye-tracking-Loneliness-Mindwandering-ELM-/data/processed/fNIRS_processed_SART/hbo_hbr_csv/S103_SART_HbO.csv,103
/Users/evansalvarez/Eye-tracking-Loneliness-Mindwandering-ELM-/data/processed/eye_processed_SART/data_preprocessedSART_103_001.csv.gz,/Users/evansalvarez/Eye-tracking-Loneliness-Mindwandering-ELM-/data/processed/fNIRS_processed_SART/hbo_hbr_csv/S103_SART_HbR.csv,103
/Users/evansalvarez/Eye-tracking-Loneliness-Mindwandering-ELM-/data/processed/eye_processed_SART/data_preprocessedSART_104_001.csv.gz,/Users/evansalvarez/Eye-tracking-Loneliness-Mindwandering-ELM-/data/processed/fNIRS_processed_SART/hbo_hbr_csv/S104_SART_HbO.csv,104
/Users/evansalvarez/Eye-tracking-Loneliness-Mindwandering-ELM-/data/processed/eye_processed_SART/data_preprocessedSART_104_001.csv.gz,/Users/evansalvarez/Eye-tracking-Loneliness-Mindwandering-ELM-/data/processed/fNIRS_processed_SART/hbo_hbr_csv/S104_SART_HbR.csv,104
/Users/evansalvarez/Eye-tracking-Loneliness-Mindwandering-ELM-/data/processed/eye_processed_SART/data_preprocessedSART_105_001.csv.gz,/Users/evansalvarez/Eye-tracking-Loneliness-Mindwandering-ELM-/data/processed/fNIRS_processed_SART/hbo_hbr_csv/S105_SART_HbO.csv,105
/Users/evansalvarez/Eye-tracking-Loneliness-Mindwandering-ELM-/data/processed/eye_processed_SART/data_preprocessedSART_105_001.csv.gz,/Users/evansalvarez/Eye-tracking-Loneliness-Mindwandering-ELM-/data/processed/fNIRS_processed_SART/hbo_hbr_csv/S105_SART_HbR.csv,105
/Users/evansalvarez/Eye-tracking-Loneliness-Mindwandering-ELM-/data/processed/eye_processed_SART/data_preprocessedSART_106_001.csv.gz,/Users/evansalvarez/Eye-tracking-Loneliness-Mindwandering-ELM-/data/processed/fNIRS_processed_SART/hbo_hbr_csv/S106_SART_HbO.csv,106
/Users/evansalvarez/Eye-tracking-Loneliness-Mindwandering-ELM-/data/processed/eye_processed_SART/data_preprocessedSART_106_001.csv.gz,/Users/evansalvarez/Eye-tracking-Loneliness-Mindwandering-ELM-/data/processed/fNIRS_processed_SART/hbo_hbr_csv/S106_SART_HbR.csv,106
/Users/evansalvarez/Eye-tracking-Loneliness-Mindwandering-ELM-/data/processed/eye_processed_SART/data_preprocessedSART_107_001.csv.gz,/Users/evansalvarez/Eye-tracking-Loneliness-Mindwandering-ELM-/data/processed/fNIRS_processed_SART/hbo_hbr_csv/S107_SART_HbO.csv,107
/Users/evansalvarez/Eye-tracking-Loneliness-Mindwandering-ELM-/data/processed/eye_processed_SART/data_preprocessedSART_107_001.csv.gz,/Users/evansalvarez/Eye-tracking-Loneliness-Mindwandering-ELM-/data/processed/fNIRS_processed_SART/hbo_hbr_csv/S107_SART_HbR.csv,107
/Users/evansalvarez/Eye-tracking-Loneliness-Mindwandering-ELM-/data/processed/eye_processed_SART/data_preprocessedSART_108_001.csv.gz,/Users/evansalvarez/Eye-tracking-Loneliness-Mindwandering-ELM-/data/processed/fNIRS_processed_SART/hbo_hbr_csv/S108_SART_HbO.csv,108
/Users/evansalvarez/Eye-tracking-Loneliness-Mindwandering-ELM-/data/processed/eye_processed_SART/data_preprocessedSART_108_001.csv.gz,/Users/evansalvarez/Eye-tracking-Loneliness-Mindwandering-ELM-/data/processed/fNIRS_processed_SART/hbo_hbr_csv/S108_SART_HbR.csv,108
/Users/evansalvarez/Eye-tracking-Loneliness-Mindwandering-ELM-/data/processed/eye_processed_SART/data_preprocessedSART_109_001.csv.gz,/Users/evansalvarez/Eye-tracking-Loneliness-Mindwandering-ELM-/data/processed/fNIRS_processed_SART/hbo_hbr_csv/S109_SART_HbO.csv,109
/Users/evansalvarez/Eye-tracking-Loneliness-Mindwandering-ELM-/data/processed/eye_processed_SART/data_preprocessedSART_109_001.csv.gz,/Users/evansalvarez/Eye-tracking-Loneliness-Mindwandering-ELM-/data/processed/fNIRS_processed_SART/hbo_hbr_csv/S109_SART_HbR.csv,109
/Users/evansalvarez/Eye-tracking-Loneliness-Mindwandering-ELM-/data/processed/eye_processed_SART/data_preprocessedSART_11_001_2025_03_24_15_24.csv.gz,/Users/evansalvarez/Eye-tracking-Loneliness-Mindwandering-ELM-/data/processed/fNIRS_processed_SART/hbo_hbr_csv/S11_SART_HbO.csv,11
/Users/evansalvarez/Eye-tracking-Loneliness-Mindwandering-ELM-/data/processed/eye_processed_SART/data_preprocessedSART_11_001_2025_03_24_15_24.csv.gz,/Users/evansalvarez/Eye-tracking-Loneliness-Mindwandering-ELM-/data/processed/fNIRS_processed_SART/hbo_hbr_csv/S11_SART_HbR.csv,11
/Users/evansalvarez/Eye-tracking-Loneliness-Mindwandering-ELM-/data/processed/eye_processed_SART/data_preprocessedSART_110_001.csv.gz,/Users/evansalvarez/Eye-tracking-Loneliness-Mindwandering-ELM-/data/processed/fNIRS_processed_SART/hbo_hbr_csv/S110_SART_HbO.csv,110
/Users/evansalvarez/Eye-tracking-Loneliness-Mindwandering-ELM-/data/processed/eye_processed_SART/data_preprocessedSART_110_001.csv.gz,/Users/evansalvarez/Eye-tracking-Loneliness-Mindwandering-ELM-/data/processed/fNIRS_processed_SART/hbo_hbr_csv/S110_SART_HbR.csv,110
/Users/evansalvarez/Eye-tracking-Loneliness-Mindwandering-ELM-/data/processed/eye_processed_SART/data_preprocessedSART_111_001.csv.gz,/Users/evansalvarez/Eye-tracking-Loneliness-Mindwandering-ELM-/data/processed/fNIRS_processed_SART/hbo_hbr_csv/S111_SART_HbO.csv,111
/Users/evansalvarez/Eye-tracking-Loneliness-Mindwandering-ELM-/data/processed/eye_processed_SART/data_preprocessedSART_111_001.csv.gz,/Users/evansalvarez/Eye-tracking-Loneliness-Mindwandering-ELM-/data/processed/fNIRS_processed_SART/hbo_hbr_csv/S111_SART_HbR.csv,111
/Users/evansalvarez/Eye-tracking-Loneliness-Mindwandering-ELM-/data/processed/eye_processed_SART/data_preprocessedSART_114_001.csv.gz,/Users/evansalvarez/Eye-tracking-Loneliness-Mindwandering-ELM-/data/processed/fNIRS_processed_SART/hbo_hbr_csv/S114_SART_HbO.csv,114
/Users/evansalvarez/Eye-tracking-Loneliness-Mindwandering-ELM-/data/processed/eye_processed_SART/data_preprocessedSART_114_001.csv.gz,/Users/evansalvarez/Eye-tracking-Loneliness-Mindwandering-ELM-/data/processed/fNIRS_processed_SART/hbo_hbr_csv/S114_SART_HbR.csv,114
/Users/evansalvarez/Eye-tracking-Loneliness-Mindwandering-ELM-/data/processed/eye_processed_SART/data_preprocessedSART_12_001_2025_03_26_18_07.csv.gz,/Users/evansalvarez/Eye-tracking-Loneliness-Mindwandering-ELM-/data/processed/fNIRS_processed_SART/hbo_hbr_csv/S12_SART_HbO.csv,12
/Users/evansalvarez/Eye-tracking-Loneliness-Mindwandering-ELM-/data/processed/eye_processed_SART/data_preprocessedSART_12_001_2025_03_26_18_07.csv.gz,/Users/evansalvarez/Eye-tracking-Loneliness-Mindwandering-ELM-/data/processed/fNIRS_processed_SART/hbo_hbr_csv/S12_SART_HbR.csv,12
/Users/evansalvarez/Eye-tracking-Loneliness-Mindwandering-ELM-/data/processed/eye_processed_SART/data_preprocessedSART_13_001_2025_03_31_14_26.csv.gz,/Users/evansalvarez/Eye-tracking-Loneliness-Mindwandering-ELM-/data/processed/fNIRS_processed_SART/hbo_hbr_csv/S13_SART_HbO.csv,13
/Users/evansalvarez/Eye-tracking-Loneliness-Mindwandering-ELM-/data/processed/eye_processed_SART/data_preprocessedSART_13_001_2025_03_31_14_26.csv.gz,/Users/evansalvarez/Eye-tracking-Loneliness-Mindwandering-ELM-/data/processed/fNIRS_processed_SART/hbo_hbr_csv/S13_SART_HbR.csv,13
/Users/evansalvarez/Eye-tracking-Loneliness-Mindwandering-ELM-/data/processed/eye_processed_SART/data_preprocessedSART_14_001_2025_03_31_16_34.csv.gz,/Users/evansalvarez/Eye-tracking-Loneliness-Mindwandering-ELM-/data/processed/fNIRS_processed_SART/hbo_hbr_csv/S14_SART_HbO.csv,14
/Users/evansalvarez/Eye-tracking-Loneliness-Mindwandering-ELM-/data/processed/eye_processed_SART/data_preprocessedSART_14_001_2025_03_31_16_34.csv.gz,/Users/evansalvarez/Eye-tracking-Loneliness-Mindwandering-ELM-/data/processed/fNIRS_processed_SART/hbo_hbr_csv/S14_SART_HbR.csv,14
/Users/evansalvarez/Eye-tracking-Loneliness-Mindwandering-ELM-/data/processed/eye_processed_SART/data_preprocessedSART_15_001_2025_04_02_11_42.csv.gz,/Users/evansalvarez/Eye-tracking-Loneliness-Mindwandering-ELM-/data/processed/fNIRS_processed_SART/hbo_hbr_csv/S15_SART_HbO.csv,15
/Users/evansalvarez/Eye-tracking-Loneliness-Mindwandering-ELM-/data/processed/eye_processed_SART/data_preprocessedSART_15_001_2025_04_02_11_42.csv.gz,/Users/evansalvarez/Eye-tracking-Loneliness-Mindwandering-ELM-/data/processed/fNIRS_processed_SART/hbo_hbr_csv/S15_SART_HbR.csv,15
/Users/evansalvarez/Eye-tracking-Loneliness-Mindwandering-ELM-/data/processed/eye_processed_SART/data_preprocessedSART_16_001_2025_04_02_18_44.csv.gz,/Users/evansalvarez/Eye-tracking-Loneliness-Mindwandering-ELM-/data/processed/fNIRS_processed_SART/hbo_hbr_csv/S16_SART_HbO.csv,16
/Users/evansalvarez/Eye-tracking-Loneliness-Mindwandering-ELM-/data/processed/eye_processed_SART/data_preprocessedSART_16_001_2025_04_02_18_44.csv.gz,/Users/evansalvarez/Eye-tracking-Loneliness-Mindwandering-ELM-/data/processed/fNIRS_processed_SART/hbo_hbr_csv/S16_SART_HbR.csv,16
/Users/evansalvarez/Eye-tracking-Loneliness-Mindwandering-ELM-/data/processed/eye_processed_SART/data_preprocessedSART_17_001_2025_04_07_15_25.csv.gz,/Users/evansalvarez/Eye-tracking-Loneliness-Mindwandering-ELM-/data/processed/fNIRS_processed_SART/hbo_hbr_csv/S17_SART_HbO.csv,17
/Users/evansalvarez/Eye-tracking-Loneliness-Mindwandering-ELM-/data/processed/eye_processed_SART/data_preprocessedSART_17_001_2025_04_07_15_25.csv.gz,/Users/evansalvarez/Eye-tracking-Loneliness-Mindwandering-ELM-/data/processed/fNIRS_processed_SART/hbo_hbr_csv/S17_SART_HbR.csv,17
/Users/evansalvarez/Eye-tracking-Loneliness-Mindwandering-ELM-/data/processed/eye_processed_SART/data_preprocessedSART_18_001_2025_04_08_12_25.csv.gz,/Users/evansalvarez/Eye-tracking-Loneliness-Mindwandering-ELM-/data/processed/fNIRS_processed_SART/hbo_hbr_csv/S18_SART_HbO.csv,18
/Users/evansalvarez/Eye-tracking-Loneliness-Mindwandering-ELM-/data/processed/eye_processed_SART/data_preprocessedSART_18_001_2025_04_08_12_25.csv.gz,/Users/evansalvarez/Eye-tracking-Loneliness-Mindwandering-ELM-/data/processed/fNIRS_processed_SART/hbo_hbr_csv/S18_SART_HbR.csv,18
/Users/evansalvarez/Eye-tracking-Loneliness-Mindwandering-ELM-/data/processed/eye_processed_SART/data_preprocessedSART_19_001_2025_04_09_15_41.csv.gz,/Users/evansalvarez/Eye-tracking-Loneliness-Mindwandering-ELM-/data/processed/fNIRS_processed_SART/hbo_hbr_csv/S19_SART_HbO.csv,19
/Users/evansalvarez/Eye-tracking-Loneliness-Mindwandering-ELM-/data/processed/eye_processed_SART/data_preprocessedSART_19_001_2025_04_09_15_41.csv.gz,/Users/evansalvarez/Eye-tracking-Loneliness-Mindwandering-ELM-/data/processed/fNIRS_processed_SART/hbo_hbr_csv/S19_SART_HbR.csv,19
/Users/evansalvarez/Eye-tracking-Loneliness-Mindwandering-ELM-/data/processed/eye_processed_SART/data_preprocessedSART_20_001_2025_04_09_18_34.csv.gz,/Users/evansalvarez/Eye-tracking-Loneliness-Mindwandering-ELM-/data/processed/fNIRS_processed_SART/hbo_hbr_csv/S20_SART_HbO.csv,20
/Users/evansalvarez/Eye-tracking-Loneliness-Mindwandering-ELM-/data/processed/eye_processed_SART/data_preprocessedSART_20_001_2025_04_09_18_34.csv.gz,/Users/evansalvarez/Eye-tracking-Loneliness-Mindwandering-ELM-/data/processed/fNIRS_processed_SART/hbo_hbr_csv/S20_SART_HbR.csv,20
/Users/evansalvarez/Eye-tracking-Loneliness-Mindwandering-ELM-/data/processed/eye_processed_SART/data_preprocessedSART_21_001_2025_04_11_11_55.csv.gz,/Users/evansalvarez/Eye-tracking-Loneliness-Mindwandering-ELM-/data/processed/fNIRS_processed_SART/hbo_hbr_csv/S21_SART_HbO.csv,21
/Users/evansalvarez/Eye-tracking-Loneliness-Mindwandering-ELM-/data/processed/eye_processed_SART/data_preprocessedSART_21_001_2025_04_11_11_55.csv.gz,/Users/evansalvarez/Eye-tracking-Loneliness-Mindwandering-ELM-/data/processed/fNIRS_processed_SART/hbo_hbr_csv/S21_SART_HbR.csv,21
/Users/evansalvarez/Eye-tracking-Loneliness-Mindwandering-ELM-/data/processed/eye_processed_SART/data_preprocessedSART_24_001_2025_04_18_18_51.csv.gz,/Users/evansalvarez/Eye-tracking-Loneliness-Mindwandering-ELM-/data/processed/fNIRS_processed_SART/hbo_hbr_csv/S24_SART_HbO.csv,24
/Users/evansalvarez/Eye-tracking-Loneliness-Mindwandering-ELM-/data/processed/eye_processed_SART/data_preprocessedSART_24_001_2025_04_18_18_51.csv.gz,/Users/evansalvarez/Eye-tracking-Loneliness-Mindwandering-ELM-/data/processed/fNIRS_processed_SART/hbo_hbr_csv/S24_SART_HbR.csv,24
/Users/evansalvarez/Eye-tracking-Loneliness-Mindwandering-ELM-/data/processed/eye_processed_SART/data_preprocessedSART_26_001_2025_04_22_15_39.csv.gz,/Users/evansalvarez/Eye-tracking-Loneliness-Mindwandering-ELM-/data/processed/fNIRS_processed_SART/hbo_hbr_csv/S26_SART_HbO.csv,26
/Users/evansalvarez/Eye-tracking-Loneliness-Mindwandering-ELM-/data/processed/eye_processed_SART/data_preprocessedSART_26_001_2025_04_22_15_39.csv.gz,/Users/evansalvarez/Eye-tracking-Loneliness-Mindwandering-ELM-/data/processed/fNIRS_processed_SART/hbo_hbr_csv/S26_SART_HbR.csv,26
/Users/evansalvarez/Eye-tracking-Loneliness-Mindwandering-ELM-/data/processed/eye_processed_SART/data_preprocessedSART_27_001_2025_04_28_13_28.csv.gz,/Users/evansalvarez/Eye-tracking-Loneliness-Mindwandering-ELM-/data/processed/fNIRS_processed_SART/hbo_hbr_csv/S27_SART_HbO.csv,27
/Users/evansalvarez/Eye-tracking-Loneliness-Mindwandering-ELM-/data/processed/eye_processed_SART/data_preprocessedSART_27_001_2025_04_28_13_28.csv.gz,/Users/evansalvarez/Eye-tracking-Loneliness-Mindwandering-ELM-/data/processed/fNIRS_processed_SART/hbo_hbr_csv/S27_SART_HbR.csv,27
/Users/evansalvarez/Eye-tracking-Loneliness-Mindwandering-ELM-/data/processed/eye_processed_SART/data_preprocessedSART_29_001_2025_04_28_18_32.csv.gz,/Users/evansalvarez/Eye-tracking-Loneliness-Mindwandering-ELM-/data/processed/fNIRS_processed_SART/hbo_hbr_csv/S29_SART_HbO.csv,29
/Users/evansalvarez/Eye-tracking-Loneliness-Mindwandering-ELM-/data/processed/eye_processed_SART/data_preprocessedSART_29_001_2025_04_28_18_32.csv.gz,/Users/evansalvarez/Eye-tracking-Loneliness-Mindwandering-ELM-/data/processed/fNIRS_processed_SART/hbo_hbr_csv/S29_SART_HbR.csv,29
/Users/evansalvarez/Eye-tracking-Loneliness-Mindwandering-ELM-/data/processed/eye_processed_SART/data_preprocessedSART_30_001.csv.gz,/Users/evansalvarez/Eye-tracking-Loneliness-Mindwandering-ELM-/data/processed/fNIRS_processed_SART/hbo_hbr_csv/S30_SART_HbO.csv,30
/Users/evansalvarez/Eye-tracking-Loneliness-Mindwandering-ELM-/data/processed/eye_processed_SART/data_preprocessedSART_30_001.csv.gz,/Users/evansalvarez/Eye-tracking-Loneliness-Mindwandering-ELM-/data/processed/fNIRS_processed_SART/hbo_hbr_csv/S30_SART_HbR.csv,30
/Users/evansalvarez/Eye-tracking-Loneliness-Mindwandering-ELM-/data/processed/eye_processed_SART/data_preprocessedSART_32_001.csv.gz,/Users/evansalvarez/Eye-tracking-Loneliness-Mindwandering-ELM-/data/processed/fNIRS_processed_SART/hbo_hbr_csv/S32_SART_HbO.csv,32
/Users/evansalvarez/Eye-tracking-Loneliness-Mindwandering-ELM-/data/processed/eye_processed_SART/data_preprocessedSART_32_001.csv.gz,/Users/evansalvarez/Eye-tracking-Loneliness-Mindwandering-ELM-/data/processed/fNIRS_processed_SART/hbo_hbr_csv/S32_SART_HbR.csv,32
/Users/evansalvarez/Eye-tracking-Loneliness-Mindwandering-ELM-/data/processed/eye_processed_SART/data_preprocessedSART_33_001.csv.gz,/Users/evansalvarez/Eye-tracking-Loneliness-Mindwandering-ELM-/data/processed/fNIRS_processed_SART/hbo_hbr_csv/S33_SART_HbO.csv,33
/Users/evansalvarez/Eye-tracking-Loneliness-Mindwandering-ELM-/data/processed/eye_processed_SART/data_preprocessedSART_33_001.csv.gz,/Users/evansalvarez/Eye-tracking-Loneliness-Mindwandering-ELM-/data/processed/fNIRS_processed_SART/hbo_hbr_csv/S33_SART_HbR.csv,33
/Users/evansalvarez/Eye-tracking-Loneliness-Mindwandering-ELM-/data/processed/eye_processed_SART/data_preprocessedSART_34_001.csv.gz,/Users/evansalvarez/Eye-tracking-Loneliness-Mindwandering-ELM-/data/processed/fNIRS_processed_SART/hbo_hbr_csv/S34_SART_HbO.csv,34
/Users/evansalvarez/Eye-tracking-Loneliness-Mindwandering-ELM-/data/processed/eye_processed_SART/data_preprocessedSART_34_001.csv.gz,/Users/evansalvarez/Eye-tracking-Loneliness-Mindwandering-ELM-/data/processed/fNIRS_processed_SART/hbo_hbr_csv/S34_SART_HbR.csv,34
/Users/evansalvarez/Eye-tracking-Loneliness-Mindwandering-ELM-/data/processed/eye_processed_SART/data_preprocessedSART_35_001.csv.gz,/Users/evansalvarez/Eye-tracking-Loneliness-Mindwandering-ELM-/data/processed/fNIRS_processed_SART/hbo_hbr_csv/S35_SART_HbO.csv,35
/Users/evansalvarez/Eye-tracking-Loneliness-Mindwandering-ELM-/data/processed/eye_processed_SART/data_preprocessedSART_35_001.csv.gz,/Users/evansalvarez/Eye-tracking-Loneliness-Mindwandering-ELM-/data/processed/fNIRS_processed_SART/hbo_hbr_csv/S35_SART_HbR.csv,35
/Users/evansalvarez/Eye-tracking-Loneliness-Mindwandering-ELM-/data/processed/eye_processed_SART/data_preprocessedSART_36_001.csv.gz,/Users/evansalvarez/Eye-tracking-Loneliness-Mindwandering-ELM-/data/processed/fNIRS_processed_SART/hbo_hbr_csv/S36_SART_HbO.csv,36
/Users/evansalvarez/Eye-tracking-Loneliness-Mindwandering-ELM-/data/processed/eye_processed_SART/data_preprocessedSART_36_001.csv.gz,/Users/evansalvarez/Eye-tracking-Loneliness-Mindwandering-ELM-/data/processed/fNIRS_processed_SART/hbo_hbr_csv/S36_SART_HbR.csv,36
/Users/evansalvarez/Eye-tracking-Loneliness-Mindwandering-ELM-/data/processed/eye_processed_SART/data_preprocessedSART_37_001.csv.gz,/Users/evansalvarez/Eye-tracking-Loneliness-Mindwandering-ELM-/data/processed/fNIRS_processed_SART/hbo_hbr_csv/S37_SART_HbO.csv,37
/Users/evansalvarez/Eye-tracking-Loneliness-Mindwandering-ELM-/data/processed/eye_processed_SART/data_preprocessedSART_37_001.csv.gz,/Users/evansalvarez/Eye-tracking-Loneliness-Mindwandering-ELM-/data/processed/fNIRS_processed_SART/hbo_hbr_csv/S37_SART_HbR.csv,37
/Users/evansalvarez/Eye-tracking-Loneliness-Mindwandering-ELM-/data/processed/eye_processed_SART/data_preprocessedSART_39_001.csv.gz,/Users/evansalvarez/Eye-tracking-Loneliness-Mindwandering-ELM-/data/processed/fNIRS_processed_SART/hbo_hbr_csv/S39_SART_HbO.csv,39
/Users/evansalvarez/Eye-tracking-Loneliness-Mindwandering-ELM-/data/processed/eye_processed_SART/data_preprocessedSART_39_001.csv.gz,/Users/evansalvarez/Eye-tracking-Loneliness-Mindwandering-ELM-/data/processed/fNIRS_processed_SART/hbo_hbr_csv/S39_SART_HbR.csv,39
/Users/evansalvarez/Eye-tracking-Loneliness-Mindwandering-ELM-/data/processed/eye_processed_SART/data_preprocessedSART_40_001.csv.gz,/Users/evansalvarez/Eye-tracking-Loneliness-Mindwandering-ELM-/data/processed/fNIRS_processed_SART/hbo_hbr_csv/S40_SART_HbO.csv,40
/Users/evansalvarez/Eye-tracking-Loneliness-Mindwandering-ELM-/data/processed/eye_processed_SART/data_preprocessedSART_40_001.csv.gz,/Users/evansalvarez/Eye-tracking-Loneliness-Mindwandering-ELM-/data/processed/fNIRS_processed_SART/hbo_hbr_csv/S40_SART_HbR.csv,40
/Users/evansalvarez/Eye-tracking-Loneliness-Mindwandering-ELM-/data/processed/eye_processed_SART/data_preprocessedSART_41_001.csv.gz,/Users/evansalvarez/Eye-tracking-Loneliness-Mindwandering-ELM-/data/processed/fNIRS_processed_SART/hbo_hbr_csv/S41_SART_HbO.csv,41
/Users/evansalvarez/Eye-tracking-Loneliness-Mindwandering-ELM-/data/processed/eye_processed_SART/data_preprocessedSART_41_001.csv.gz,/Users/evansalvarez/Eye-tracking-Loneliness-Mindwandering-ELM-/data/processed/fNIRS_processed_SART/hbo_hbr_csv/S41_SART_HbR.csv,41
/Users/evansalvarez/Eye-tracking-Loneliness-Mindwandering-ELM-/data/processed/eye_processed_SART/data_preprocessedSART_42_001.csv.gz,/Users/evansalvarez/Eye-tracking-Loneliness-Mindwandering-ELM-/data/processed/fNIRS_processed_SART/hbo_hbr_csv/S42_SART_HbO.csv,42
/Users/evansalvarez/Eye-tracking-Loneliness-Mindwandering-ELM-/data/processed/eye_processed_SART/data_preprocessedSART_42_001.csv.gz,/Users/evansalvarez/Eye-tracking-Loneliness-Mindwandering-ELM-/data/processed/fNIRS_processed_SART/hbo_hbr_csv/S42_SART_HbR.csv,42
/Users/evansalvarez/Eye-tracking-Loneliness-Mindwandering-ELM-/data/processed/eye_processed_SART/data_preprocessedSART_43_001.csv.gz,/Users/evansalvarez/Eye-tracking-Loneliness-Mindwandering-ELM-/data/processed/fNIRS_processed_SART/hbo_hbr_csv/S43_SART_HbO.csv,43
/Users/evansalvarez/Eye-tracking-Loneliness-Mindwandering-ELM-/data/processed/eye_processed_SART/data_preprocessedSART_43_001.csv.gz,/Users/evansalvarez/Eye-tracking-Loneliness-Mindwandering-ELM-/data/processed/fNIRS_processed_SART/hbo_hbr_csv/S43_SART_HbR.csv,43
/Users/evansalvarez/Eye-tracking-Loneliness-Mindwandering-ELM-/data/processed/eye_processed_SART/data_preprocessedSART_46_001.csv.gz,/Users/evansalvarez/Eye-tracking-Loneliness-Mindwandering-ELM-/data/processed/fNIRS_processed_SART/hbo_hbr_csv/S46_SART_HbO.csv,46
/Users/evansalvarez/Eye-tracking-Loneliness-Mindwandering-ELM-/data/processed/eye_processed_SART/data_preprocessedSART_46_001.csv.gz,/Users/evansalvarez/Eye-tracking-Loneliness-Mindwandering-ELM-/data/processed/fNIRS_processed_SART/hbo_hbr_csv/S46_SART_HbR.csv,46
/Users/evansalvarez/Eye-tracking-Loneliness-Mindwandering-ELM-/data/processed/eye_processed_SART/data_preprocessedSART_47_001.csv.gz,/Users/evansalvarez/Eye-tracking-Loneliness-Mindwandering-ELM-/data/processed/fNIRS_processed_SART/hbo_hbr_csv/S47_SART_HbO.csv,47
/Users/evansalvarez/Eye-tracking-Loneliness-Mindwandering-ELM-/data/processed/eye_processed_SART/data_preprocessedSART_47_001.csv.gz,/Users/evansalvarez/Eye-tracking-Loneliness-Mindwandering-ELM-/data/processed/fNIRS_processed_SART/hbo_hbr_csv/S47_SART_HbR.csv,47
/Users/evansalvarez/Eye-tracking-Loneliness-Mindwandering-ELM-/data/processed/eye_processed_SART/data_preprocessedSART_52_001.csv.gz,/Users/evansalvarez/Eye-tracking-Loneliness-Mindwandering-ELM-/data/processed/fNIRS_processed_SART/hbo_hbr_csv/S52_SART_HbO.csv,52
/Users/evansalvarez/Eye-tracking-Loneliness-Mindwandering-ELM-/data/processed/eye_processed_SART/data_preprocessedSART_52_001.csv.gz,/Users/evansalvarez/Eye-tracking-Loneliness-Mindwandering-ELM-/data/processed/fNIRS_processed_SART/hbo_hbr_csv/S52_SART_HbR.csv,52
/Users/evansalvarez/Eye-tracking-Loneliness-Mindwandering-ELM-/data/processed/eye_processed_SART/data_preprocessedSART_55_001.csv.gz,/Users/evansalvarez/Eye-tracking-Loneliness-Mindwandering-ELM-/data/processed/fNIRS_processed_SART/hbo_hbr_csv/S55_SART_HbO.csv,55
/Users/evansalvarez/Eye-tracking-Loneliness-Mindwandering-ELM-/data/processed/eye_processed_SART/data_preprocessedSART_55_001.csv.gz,/Users/evansalvarez/Eye-tracking-Loneliness-Mindwandering-ELM-/data/processed/fNIRS_processed_SART/hbo_hbr_csv/S55_SART_HbR.csv,55
/Users/evansalvarez/Eye-tracking-Loneliness-Mindwandering-ELM-/data/processed/eye_processed_SART/data_preprocessedSART_57_001.csv.gz,/Users/evansalvarez/Eye-tracking-Loneliness-Mindwandering-ELM-/data/processed/fNIRS_processed_SART/hbo_hbr_csv/S57_SART_HbO.csv,57
/Users/evansalvarez/Eye-tracking-Loneliness-Mindwandering-ELM-/data/processed/eye_processed_SART/data_preprocessedSART_57_001.csv.gz,/Users/evansalvarez/Eye-tracking-Loneliness-Mindwandering-ELM-/data/processed/fNIRS_processed_SART/hbo_hbr_csv/S57_SART_HbR.csv,57
/Users/evansalvarez/Eye-tracking-Loneliness-Mindwandering-ELM-/data/processed/eye_processed_SART/data_preprocessedSART_58_001.csv.gz,/Users/evansalvarez/Eye-tracking-Loneliness-Mindwandering-ELM-/data/processed/fNIRS_processed_SART/hbo_hbr_csv/S58_SART_HbO.csv,58
/Users/evansalvarez/Eye-tracking-Loneliness-Mindwandering-ELM-/data/processed/eye_processed_SART/data_preprocessedSART_58_001.csv.gz,/Users/evansalvarez/Eye-tracking-Loneliness-Mindwandering-ELM-/data/processed/fNIRS_processed_SART/hbo_hbr_csv/S58_SART_HbR.csv,58
/Users/evansalvarez/Eye-tracking-Loneliness-Mindwandering-ELM-/data/processed/eye_processed_SART/data_preprocessedSART_59_001.csv.gz,/Users/evansalvarez/Eye-tracking-Loneliness-Mindwandering-ELM-/data/processed/fNIRS_processed_SART/hbo_hbr_csv/S59_SART_HbO.csv,59
/Users/evansalvarez/Eye-tracking-Loneliness-Mindwandering-ELM-/data/processed/eye_processed_SART/data_preprocessedSART_59_001.csv.gz,/Users/evansalvarez/Eye-tracking-Loneliness-Mindwandering-ELM-/data/processed/fNIRS_processed_SART/hbo_hbr_csv/S59_SART_HbR.csv,59
/Users/evansalvarez/Eye-tracking-Loneliness-Mindwandering-ELM-/data/processed/eye_processed_SART/data_preprocessedSART_60_001.csv.gz,/Users/evansalvarez/Eye-tracking-Loneliness-Mindwandering-ELM-/data/processed/fNIRS_processed_SART/hbo_hbr_csv/S60_SART_HbO.csv,60
/Users/evansalvarez/Eye-tracking-Loneliness-Mindwandering-ELM-/data/processed/eye_processed_SART/data_preprocessedSART_60_001.csv.gz,/Users/evansalvarez/Eye-tracking-Loneliness-Mindwandering-ELM-/data/processed/fNIRS_processed_SART/hbo_hbr_csv/S60_SART_HbR.csv,60
/Users/evansalvarez/Eye-tracking-Loneliness-Mindwandering-ELM-/data/processed/eye_processed_SART/data_preprocessedSART_61_001.csv.gz,/Users/evansalvarez/Eye-tracking-Loneliness-Mindwandering-ELM-/data/processed/fNIRS_processed_SART/hbo_hbr_csv/S61_SART_HbO.csv,61
/Users/evansalvarez/Eye-tracking-Loneliness-Mindwandering-ELM-/data/processed/eye_processed_SART/data_preprocessedSART_61_001.csv.gz,/Users/evansalvarez/Eye-tracking-Loneliness-Mindwandering-ELM-/data/processed/fNIRS_processed_SART/hbo_hbr_csv/S61_SART_HbR.csv,61
/Users/evansalvarez/Eye-tracking-Loneliness-Mindwandering-ELM-/data/processed/eye_processed_SART/data_preprocessedSART_62_001.csv.gz,/Users/evansalvarez/Eye-tracking-Loneliness-Mindwandering-ELM-/data/processed/fNIRS_processed_SART/hbo_hbr_csv/S62_SART_HbO.csv,62
/Users/evansalvarez/Eye-tracking-Loneliness-Mindwandering-ELM-/data/processed/eye_processed_SART/data_preprocessedSART_62_001.csv.gz,/Users/evansalvarez/Eye-tracking-Loneliness-Mindwandering-ELM-/data/processed/fNIRS_processed_SART/hbo_hbr_csv/S62_SART_HbR.csv,62
/Users/evansalvarez/Eye-tracking-Loneliness-Mindwandering-ELM-/data/processed/eye_processed_SART/data_preprocessedSART_64_001.csv.gz,/Users/evansalvarez/Eye-tracking-Loneliness-Mindwandering-ELM-/data/processed/fNIRS_processed_SART/hbo_hbr_csv/S64_SART_HbO.csv,64
/Users/evansalvarez/Eye-tracking-Loneliness-Mindwandering-ELM-/data/processed/eye_processed_SART/data_preprocessedSART_64_001.csv.gz,/Users/evansalvarez/Eye-tracking-Loneliness-Mindwandering-ELM-/data/processed/fNIRS_processed_SART/hbo_hbr_csv/S64_SART_HbR.csv,64
/Users/evansalvarez/Eye-tracking-Loneliness-Mindwandering-ELM-/data/processed/eye_processed_SART/data_preprocessedSART_65_001.csv.gz,/Users/evansalvarez/Eye-tracking-Loneliness-Mindwandering-ELM-/data/processed/fNIRS_processed_SART/hbo_hbr_csv/S65_SART_HbO.csv,65
/Users/evansalvarez/Eye-tracking-Loneliness-Mindwandering-ELM-/data/processed/eye_processed_SART/data_preprocessedSART_65_001.csv.gz,/Users/evansalvarez/Eye-tracking-Loneliness-Mindwandering-ELM-/data/processed/fNIRS_processed_SART/hbo_hbr_csv/S65_SART_HbR.csv,65
/Users/evansalvarez/Eye-tracking-Loneliness-Mindwandering-ELM-/data/processed/eye_processed_SART/data_preprocessedSART_66_001.csv.gz,/Users/evansalvarez/Eye-tracking-Loneliness-Mindwandering-ELM-/data/processed/fNIRS_processed_SART/hbo_hbr_csv/S66_SART_HbO.csv,66
/Users/evansalvarez/Eye-tracking-Loneliness-Mindwandering-ELM-/data/processed/eye_processed_SART/data_preprocessedSART_66_001.csv.gz,/Users/evansalvarez/Eye-tracking-Loneliness-Mindwandering-ELM-/data/processed/fNIRS_processed_SART/hbo_hbr_csv/S66_SART_HbR.csv,66
/Users/evansalvarez/Eye-tracking-Loneliness-Mindwandering-ELM-/data/processed/eye_processed_SART/data_preprocessedSART_67_001.csv.gz,/Users/evansalvarez/Eye-tracking-Loneliness-Mindwandering-ELM-/data/processed/fNIRS_processed_SART/hbo_hbr_csv/S67_SART_HbO.csv,67
/Users/evansalvarez/Eye-tracking-Loneliness-Mindwandering-ELM-/data/processed/eye_processed_SART/data_preprocessedSART_67_001.csv.gz,/Users/evansalvarez/Eye-tracking-Loneliness-Mindwandering-ELM-/data/processed/fNIRS_processed_SART/hbo_hbr_csv/S67_SART_HbR.csv,67
/Users/evansalvarez/Eye-tracking-Loneliness-Mindwandering-ELM-/data/processed/eye_processed_SART/data_preprocessedSART_68_001.csv.gz,/Users/evansalvarez/Eye-tracking-Loneliness-Mindwandering-ELM-/data/processed/fNIRS_processed_SART/hbo_hbr_csv/S68_SART_HbO.csv,68
/Users/evansalvarez/Eye-tracking-Loneliness-Mindwandering-ELM-/data/processed/eye_processed_SART/data_preprocessedSART_68_001.csv.gz,/Users/evansalvarez/Eye-tracking-Loneliness-Mindwandering-ELM-/data/processed/fNIRS_processed_SART/hbo_hbr_csv/S68_SART_HbR.csv,68
/Users/evansalvarez/Eye-tracking-Loneliness-Mindwandering-ELM-/data/processed/eye_processed_SART/data_preprocessedSART_70_001.csv.gz,/Users/evansalvarez/Eye-tracking-Loneliness-Mindwandering-ELM-/data/processed/fNIRS_processed_SART/hbo_hbr_csv/S70_SART_HbO.csv,70
/Users/evansalvarez/Eye-tracking-Loneliness-Mindwandering-ELM-/data/processed/eye_processed_SART/data_preprocessedSART_70_001.csv.gz,/Users/evansalvarez/Eye-tracking-Loneliness-Mindwandering-ELM-/data/processed/fNIRS_processed_SART/hbo_hbr_csv/S70_SART_HbR.csv,70
/Users/evansalvarez/Eye-tracking-Loneliness-Mindwandering-ELM-/data/processed/eye_processed_SART/data_preprocessedSART_71_001.csv.gz,/Users/evansalvarez/Eye-tracking-Loneliness-Mindwandering-ELM-/data/processed/fNIRS_processed_SART/hbo_hbr_csv/S71_SART_HbO.csv,71
/Users/evansalvarez/Eye-tracking-Loneliness-Mindwandering-ELM-/data/processed/eye_processed_SART/data_preprocessedSART_71_001.csv.gz,/Users/evansalvarez/Eye-tracking-Loneliness-Mindwandering-ELM-/data/processed/fNIRS_processed_SART/hbo_hbr_csv/S71_SART_HbR.csv,71
/Users/evansalvarez/Eye-tracking-Loneliness-Mindwandering-ELM-/data/processed/eye_processed_SART/data_preprocessedSART_72_001.csv.gz,/Users/evansalvarez/Eye-tracking-Loneliness-Mindwandering-ELM-/data/processed/fNIRS_processed_SART/hbo_hbr_csv/S72_SART_HbO.csv,72
/Users/evansalvarez/Eye-tracking-Loneliness-Mindwandering-ELM-/data/processed/eye_processed_SART/data_preprocessedSART_72_001.csv.gz,/Users/evansalvarez/Eye-tracking-Loneliness-Mindwandering-ELM-/data/processed/fNIRS_processed_SART/hbo_hbr_csv/S72_SART_HbR.csv,72
/Users/evansalvarez/Eye-tracking-Loneliness-Mindwandering-ELM-/data/processed/eye_processed_SART/data_preprocessedSART_73_001.csv.gz,/Users/evansalvarez/Eye-tracking-Loneliness-Mindwandering-ELM-/data/processed/fNIRS_processed_SART/hbo_hbr_csv/S73_SART_HbO.csv,73
/Users/evansalvarez/Eye-tracking-Loneliness-Mindwandering-ELM-/data/processed/eye_processed_SART/data_preprocessedSART_73_001.csv.gz,/Users/evansalvarez/Eye-tracking-Loneliness-Mindwandering-ELM-/data/processed/fNIRS_processed_SART/hbo_hbr_csv/S73_SART_HbR.csv,73
/Users/evansalvarez/Eye-tracking-Loneliness-Mindwandering-ELM-/data/processed/eye_processed_SART/data_preprocessedSART_75_001.csv.gz,/Users/evansalvarez/Eye-tracking-Loneliness-Mindwandering-ELM-/data/processed/fNIRS_processed_SART/hbo_hbr_csv/S75_SART_HbO.csv,75
/Users/evansalvarez/Eye-tracking-Loneliness-Mindwandering-ELM-/data/processed/eye_processed_SART/data_preprocessedSART_75_001.csv.gz,/Users/evansalvarez/Eye-tracking-Loneliness-Mindwandering-ELM-/data/processed/fNIRS_processed_SART/hbo_hbr_csv/S75_SART_HbR.csv,75
/Users/evansalvarez/Eye-tracking-Loneliness-Mindwandering-ELM-/data/processed/eye_processed_SART/data_preprocessedSART_77_001.csv.gz,/Users/evansalvarez/Eye-tracking-Loneliness-Mindwandering-ELM-/data/processed/fNIRS_processed_SART/hbo_hbr_csv/S77_SART_HbO.csv,77
/Users/evansalvarez/Eye-tracking-Loneliness-Mindwandering-ELM-/data/processed/eye_processed_SART/data_preprocessedSART_77_001.csv.gz,/Users/evansalvarez/Eye-tracking-Loneliness-Mindwandering-ELM-/data/processed/fNIRS_processed_SART/hbo_hbr_csv/S77_SART_HbR.csv,77
/Users/evansalvarez/Eye-tracking-Loneliness-Mindwandering-ELM-/data/processed/eye_processed_SART/data_preprocessedSART_78_001.csv.gz,/Users/evansalvarez/Eye-tracking-Loneliness-Mindwandering-ELM-/data/processed/fNIRS_processed_SART/hbo_hbr_csv/S78_SART_HbO.csv,78
/Users/evansalvarez/Eye-tracking-Loneliness-Mindwandering-ELM-/data/processed/eye_processed_SART/data_preprocessedSART_78_001.csv.gz,/Users/evansalvarez/Eye-tracking-Loneliness-Mindwandering-ELM-/data/processed/fNIRS_processed_SART/hbo_hbr_csv/S78_SART_HbR.csv,78
/Users/evansalvarez/Eye-tracking-Loneliness-Mindwandering-ELM-/data/processed/eye_processed_SART/data_preprocessedSART_82_001.csv.gz,/Users/evansalvarez/Eye-tracking-Loneliness-Mindwandering-ELM-/data/processed/fNIRS_processed_SART/hbo_hbr_csv/S82_SART_HbO.csv,82
/Users/evansalvarez/Eye-tracking-Loneliness-Mindwandering-ELM-/data/processed/eye_processed_SART/data_preprocessedSART_82_001.csv.gz,/Users/evansalvarez/Eye-tracking-Loneliness-Mindwandering-ELM-/data/processed/fNIRS_processed_SART/hbo_hbr_csv/S82_SART_HbR.csv,82
/Users/evansalvarez/Eye-tracking-Loneliness-Mindwandering-ELM-/data/processed/eye_processed_SART/data_preprocessedSART_83_001.csv.gz,/Users/evansalvarez/Eye-tracking-Loneliness-Mindwandering-ELM-/data/processed/fNIRS_processed_SART/hbo_hbr_csv/S83_SART_HbO.csv,83
/Users/evansalvarez/Eye-tracking-Loneliness-Mindwandering-ELM-/data/processed/eye_processed_SART/data_preprocessedSART_83_001.csv.gz,/Users/evansalvarez/Eye-tracking-Loneliness-Mindwandering-ELM-/data/processed/fNIRS_processed_SART/hbo_hbr_csv/S83_SART_HbR.csv,83
/Users/evansalvarez/Eye-tracking-Loneliness-Mindwandering-ELM-/data/processed/eye_processed_SART/data_preprocessedSART_85_001.csv.gz,/Users/evansalvarez/Eye-tracking-Loneliness-Mindwandering-ELM-/data/processed/fNIRS_processed_SART/hbo_hbr_csv/S85_SART_HbO.csv,85
/Users/evansalvarez/Eye-tracking-Loneliness-Mindwandering-ELM-/data/processed/eye_processed_SART/data_preprocessedSART_85_001.csv.gz,/Users/evansalvarez/Eye-tracking-Loneliness-Mindwandering-ELM-/data/processed/fNIRS_processed_SART/hbo_hbr_csv/S85_SART_HbR.csv,85
/Users/evansalvarez/Eye-tracking-Loneliness-Mindwandering-ELM-/data/processed/eye_processed_SART/data_preprocessedSART_86_001.csv.gz,/Users/evansalvarez/Eye-tracking-Loneliness-Mindwandering-ELM-/data/processed/fNIRS_processed_SART/hbo_hbr_csv/S86_SART_HbO.csv,86
/Users/evansalvarez/Eye-tracking-Loneliness-Mindwandering-ELM-/data/processed/eye_processed_SART/data_preprocessedSART_86_001.csv.gz,/Users/evansalvarez/Eye-tracking-Loneliness-Mindwandering-ELM-/data/processed/fNIRS_processed_SART/hbo_hbr_csv/S86_SART_HbR.csv,86
/Users/evansalvarez/Eye-tracking-Loneliness-Mindwandering-ELM-/data/processed/eye_processed_SART/data_preprocessedSART_87_001.csv.gz,/Users/evansalvarez/Eye-tracking-Loneliness-Mindwandering-ELM-/data/processed/fNIRS_processed_SART/hbo_hbr_csv/S87_SART_HbO.csv,87
/Users/evansalvarez/Eye-tracking-Loneliness-Mindwandering-ELM-/data/processed/eye_processed_SART/data_preprocessedSART_87_001.csv.gz,/Users/evansalvarez/Eye-tracking-Loneliness-Mindwandering-ELM-/data/processed/fNIRS_processed_SART/hbo_hbr_csv/S87_SART_HbR.csv,87
/Users/evansalvarez/Eye-tracking-Loneliness-Mindwandering-ELM-/data/processed/eye_processed_SART/data_preprocessedSART_88_001.csv.gz,/Users/evansalvarez/Eye-tracking-Loneliness-Mindwandering-ELM-/data/processed/fNIRS_processed_SART/hbo_hbr_csv/S88_SART_HbO.csv,88
/Users/evansalvarez/Eye-tracking-Loneliness-Mindwandering-ELM-/data/processed/eye_processed_SART/data_preprocessedSART_88_001.csv.gz,/Users/evansalvarez/Eye-tracking-Loneliness-Mindwandering-ELM-/data/processed/fNIRS_processed_SART/hbo_hbr_csv/S88_SART_HbR.csv,88
/Users/evansalvarez/Eye-tracking-Loneliness-Mindwandering-ELM-/data/processed/eye_processed_SART/data_preprocessedSART_89_001.csv.gz,/Users/evansalvarez/Eye-tracking-Loneliness-Mindwandering-ELM-/data/processed/fNIRS_processed_SART/hbo_hbr_csv/S89_SART_HbO.csv,89
/Users/evansalvarez/Eye-tracking-Loneliness-Mindwandering-ELM-/data/processed/eye_processed_SART/data_preprocessedSART_89_001.csv.gz,/Users/evansalvarez/Eye-tracking-Loneliness-Mindwandering-ELM-/data/processed/fNIRS_processed_SART/hbo_hbr_csv/S89_SART_HbR.csv,89
/Users/evansalvarez/Eye-tracking-Loneliness-Mindwandering-ELM-/data/processed/eye_processed_SART/data_preprocessedSART_90_001.csv.gz,/Users/evansalvarez/Eye-tracking-Loneliness-Mindwandering-ELM-/data/processed/fNIRS_processed_SART/hbo_hbr_csv/S90_SART_HbO.csv,90
/Users/evansalvarez/Eye-tracking-Loneliness-Mindwandering-ELM-/data/processed/eye_processed_SART/data_preprocessedSART_90_001.csv.gz,/Users/evansalvarez/Eye-tracking-Loneliness-Mindwandering-ELM-/data/processed/fNIRS_processed_SART/hbo_hbr_csv/S90_SART_HbR.csv,90
/Users/evansalvarez/Eye-tracking-Loneliness-Mindwandering-ELM-/data/processed/eye_processed_SART/data_preprocessedSART_92_001.csv.gz,/Users/evansalvarez/Eye-tracking-Loneliness-Mindwandering-ELM-/data/processed/fNIRS_processed_SART/hbo_hbr_csv/S92_SART_HbO.csv,92
/Users/evansalvarez/Eye-tracking-Loneliness-Mindwandering-ELM-/data/processed/eye_processed_SART/data_preprocessedSART_92_001.csv.gz,/Users/evansalvarez/Eye-tracking-Loneliness-Mindwandering-ELM-/data/processed/fNIRS_processed_SART/hbo_hbr_csv/S92_SART_HbR.csv,92
/Users/evansalvarez/Eye-tracking-Loneliness-Mindwandering-ELM-/data/processed/eye_processed_SART/data_preprocessedSART_93_001.csv.gz,/Users/evansalvarez/Eye-tracking-Loneliness-Mindwandering-ELM-/data/processed/fNIRS_processed_SART/hbo_hbr_csv/S93_SART_HbO.csv,93
/Users/evansalvarez/Eye-tracking-Loneliness-Mindwandering-ELM-/data/processed/eye_processed_SART/data_preprocessedSART_93_001.csv.gz,/Users/evansalvarez/Eye-tracking-Loneliness-Mindwandering-ELM-/data/processed/fNIRS_processed_SART/hbo_hbr_csv/S93_SART_HbR.csv,93
/Users/evansalvarez/Eye-tracking-Loneliness-Mindwandering-ELM-/data/processed/eye_processed_SART/data_preprocessedSART_94_001.csv.gz,/Users/evansalvarez/Eye-tracking-Loneliness-Mindwandering-ELM-/data/processed/fNIRS_processed_SART/hbo_hbr_csv/S94_SART_HbO.csv,94
/Users/evansalvarez/Eye-tracking-Loneliness-Mindwandering-ELM-/data/processed/eye_processed_SART/data_preprocessedSART_94_001.csv.gz,/Users/evansalvarez/Eye-tracking-Loneliness-Mindwandering-ELM-/data/processed/fNIRS_processed_SART/hbo_hbr_csv/S94_SART_HbR.csv,94
/Users/evansalvarez/Eye-tracking-Loneliness-Mindwandering-ELM-/data/processed/eye_processed_SART/data_preprocessedSART_95_001.csv.gz,/Users/evansalvarez/Eye-tracking-Loneliness-Mindwandering-ELM-/data/processed/fNIRS_processed_SART/hbo_hbr_csv/S95_SART_HbO.csv,95
/Users/evansalvarez/Eye-tracking-Loneliness-Mindwandering-ELM-/data/processed/eye_processed_SART/data_preprocessedSART_95_001.csv.gz,/Users/evansalvarez/Eye-tracking-Loneliness-Mindwandering-ELM-/data/processed/fNIRS_processed_SART/hbo_hbr_csv/S95_SART_HbR.csv,95
/Users/evansalvarez/Eye-tracking-Loneliness-Mindwandering-ELM-/data/processed/eye_processed_SART/data_preprocessedSART_96_001.csv.gz,/Users/evansalvarez/Eye-tracking-Loneliness-Mindwandering-ELM-/data/processed/fNIRS_processed_SART/hbo_hbr_csv/S96_SART_HbO.csv,96
/Users/evansalvarez/Eye-tracking-Loneliness-Mindwandering-ELM-/data/processed/eye_processed_SART/data_preprocessedSART_96_001.csv.gz,/Users/evansalvarez/Eye-tracking-Loneliness-Mindwandering-ELM-/data/processed/fNIRS_processed_SART/hbo_hbr_csv/S96_SART_HbR.csv,96
/Users/evansalvarez/Eye-tracking-Loneliness-Mindwandering-ELM-/data/processed/eye_processed_SART/data_preprocessedSART_97_001.csv.gz,/Users/evansalvarez/Eye-tracking-Loneliness-Mindwandering-ELM-/data/processed/fNIRS_processed_SART/hbo_hbr_csv/S97_SART_HbO.csv,97
/Users/evansalvarez/Eye-tracking-Loneliness-Mindwandering-ELM-/data/processed/eye_processed_SART/data_preprocessedSART_97_001.csv.gz,/Users/evansalvarez/Eye-tracking-Loneliness-Mindwandering-ELM-/data/processed/fNIRS_processed_SART/hbo_hbr_csv/S97_SART_HbR.csv,97
/Users/evansalvarez/Eye-tracking-Loneliness-Mindwandering-ELM-/data/processed/eye_processed_SART/data_preprocessedSART_98_001.csv.gz,/Users/evansalvarez/Eye-tracking-Loneliness-Mindwandering-ELM-/data/processed/fNIRS_processed_SART/hbo_hbr_csv/S98_SART_HbO.csv,98
/Users/evansalvarez/Eye-tracking-Loneliness-Mindwandering-ELM-/data/processed/eye_processed_SART/data_preprocessedSART_98_001.csv.gz,/Users/evansalvarez/Eye-tracking-Loneliness-Mindwandering-ELM-/data/processed/fNIRS_processed_SART/hbo_hbr_csv/S98_SART_HbR.csv,98
/Users/evansalvarez/Eye-tracking-Loneliness-Mindwandering-ELM-/data/processed/eye_processed_SART/data_preprocessedSART_99_001.csv.gz,/Users/evansalvarez/Eye-tracking-Loneliness-Mindwandering-ELM-/data/processed/fNIRS_processed_SART/hbo_hbr_csv/S99_SART_HbO.csv,99
/Users/evansalvarez/Eye-tracking-Loneliness-Mindwandering-ELM-/data/processed/eye_processed_SART/data_preprocessedSART_99_001.csv.gz,/Users/evansalvarez/Eye-tracking-Loneliness-Mindwandering-ELM-/data/processed/fNIRS_processed_SART/hbo_hbr_csv/S99_SART_HbR.csv,99
