neural_file,subject_id
/Users/evansalvarez/Eye-tracking-Loneliness-Mindwandering-ELM-/data/processed/fNIRS_processed_SART/hbo_hbr_csv/S10_SART_HbO.csv,10
/Users/evansalvarez/Eye-tracking-Loneliness-Mindwandering-ELM-/data/processed/fNIRS_processed_SART/hbo_hbr_csv/S10_SART_HbR.csv,10
/Users/evansalvarez/Eye-tracking-Loneliness-Mindwandering-ELM-/data/processed/fNIRS_processed_SART/hbo_hbr_csv/S112_SART_HbO.csv,112
/Users/evansalvarez/Eye-tracking-Loneliness-Mindwandering-ELM-/data/processed/fNIRS_processed_SART/hbo_hbr_csv/S112_SART_HbR.csv,112
/Users/evansalvarez/Eye-tracking-Loneliness-Mindwandering-ELM-/data/processed/fNIRS_processed_SART/hbo_hbr_csv/S113_SART_HbO.csv,113
/Users/evansalvarez/Eye-tracking-Loneliness-Mindwandering-ELM-/data/processed/fNIRS_processed_SART/hbo_hbr_csv/S113_SART_HbR.csv,113
/Users/evansalvarez/Eye-tracking-Loneliness-Mindwandering-ELM-/data/processed/fNIRS_processed_SART/hbo_hbr_csv/S22_SART_HbO.csv,22
/Users/evansalvarez/Eye-tracking-Loneliness-Mindwandering-ELM-/data/processed/fNIRS_processed_SART/hbo_hbr_csv/S22_SART_HbR.csv,22
/Users/evansalvarez/Eye-tracking-Loneliness-Mindwandering-ELM-/data/processed/fNIRS_processed_SART/hbo_hbr_csv/S23_SART_HbO.csv,23
/Users/evansalvarez/Eye-tracking-Loneliness-Mindwandering-ELM-/data/processed/fNIRS_processed_SART/hbo_hbr_csv/S23_SART_HbR.csv,23
/Users/evansalvarez/Eye-tracking-Loneliness-Mindwandering-ELM-/data/processed/fNIRS_processed_SART/hbo_hbr_csv/S28_SART_HbO.csv,28
/Users/evansalvarez/Eye-tracking-Loneliness-Mindwandering-ELM-/data/processed/fNIRS_processed_SART/hbo_hbr_csv/S28_SART_HbR.csv,28
/Users/evansalvarez/Eye-tracking-Loneliness-Mindwandering-ELM-/data/processed/fNIRS_processed_SART/hbo_hbr_csv/S31_SART_HbO.csv,31
/Users/evansalvarez/Eye-tracking-Loneliness-Mindwandering-ELM-/data/processed/fNIRS_processed_SART/hbo_hbr_csv/S31_SART_HbR.csv,31
/Users/evansalvarez/Eye-tracking-Loneliness-Mindwandering-ELM-/data/processed/fNIRS_processed_SART/hbo_hbr_csv/S38_SART_HbO.csv,38
/Users/evansalvarez/Eye-tracking-Loneliness-Mindwandering-ELM-/data/processed/fNIRS_processed_SART/hbo_hbr_csv/S38_SART_HbR.csv,38
/Users/evansalvarez/Eye-tracking-Loneliness-Mindwandering-ELM-/data/processed/fNIRS_processed_SART/hbo_hbr_csv/S44_SART_HbO.csv,44
/Users/evansalvarez/Eye-tracking-Loneliness-Mindwandering-ELM-/data/processed/fNIRS_processed_SART/hbo_hbr_csv/S44_SART_HbR.csv,44
/Users/evansalvarez/Eye-tracking-Loneliness-Mindwandering-ELM-/data/processed/fNIRS_processed_SART/hbo_hbr_csv/S45_SART_HbO.csv,45
/Users/evansalvarez/Eye-tracking-Loneliness-Mindwandering-ELM-/data/processed/fNIRS_processed_SART/hbo_hbr_csv/S45_SART_HbR.csv,45
/Users/evansalvarez/Eye-tracking-Loneliness-Mindwandering-ELM-/data/processed/fNIRS_processed_SART/hbo_hbr_csv/S50_SART_HbO.csv,50
/Users/evansalvarez/Eye-tracking-Loneliness-Mindwandering-ELM-/data/processed/fNIRS_processed_SART/hbo_hbr_csv/S50_SART_HbR.csv,50
/Users/evansalvarez/Eye-tracking-Loneliness-Mindwandering-ELM-/data/processed/fNIRS_processed_SART/hbo_hbr_csv/S56_SART_HbO.csv,56
/Users/evansalvarez/Eye-tracking-Loneliness-Mindwandering-ELM-/data/processed/fNIRS_processed_SART/hbo_hbr_csv/S56_SART_HbR.csv,56
/Users/evansalvarez/Eye-tracking-Loneliness-Mindwandering-ELM-/data/processed/fNIRS_processed_SART/hbo_hbr_csv/S63_SART_HbO.csv,63
/Users/evansalvarez/Eye-tracking-Loneliness-Mindwandering-ELM-/data/processed/fNIRS_processed_SART/hbo_hbr_csv/S63_SART_HbR.csv,63
/Users/evansalvarez/Eye-tracking-Loneliness-Mindwandering-ELM-/data/processed/fNIRS_processed_SART/hbo_hbr_csv/S76_SART_HbO.csv,76
/Users/evansalvarez/Eye-tracking-Loneliness-Mindwandering-ELM-/data/processed/fNIRS_processed_SART/hbo_hbr_csv/S76_SART_HbR.csv,76
/Users/evansalvarez/Eye-tracking-Loneliness-Mindwandering-ELM-/data/processed/fNIRS_processed_SART/hbo_hbr_csv/S80_SART_HbO.csv,80
/Users/evansalvarez/Eye-tracking-Loneliness-Mindwandering-ELM-/data/processed/fNIRS_processed_SART/hbo_hbr_csv/S80_SART_HbR.csv,80
/Users/evansalvarez/Eye-tracking-Loneliness-Mindwandering-ELM-/data/processed/fNIRS_processed_SART/hbo_hbr_csv/S81_SART_HbO.csv,81
/Users/evansalvarez/Eye-tracking-Loneliness-Mindwandering-ELM-/data/processed/fNIRS_processed_SART/hbo_hbr_csv/S81_SART_HbR.csv,81
/Users/evansalvarez/Eye-tracking-Loneliness-Mindwandering-ELM-/data/processed/fNIRS_processed_SART/hbo_hbr_csv/S91_SART_HbO.csv,91
/Users/evansalvarez/Eye-tracking-Loneliness-Mindwandering-ELM-/data/processed/fNIRS_processed_SART/hbo_hbr_csv/S91_SART_HbR.csv,91
