id,n_samples,prop_interp_psl,prop_interp_psr,prop_interp_xpl,prop_interp_ypl,prop_interp_xpr,prop_interp_ypr,prop_interp_any,prop_na_psl,prop_na_psr,prop_na_xpl,prop_na_ypl,prop_na_xpr,prop_na_ypr,prop_na_any
048_001,299728,0.01681190946458122,0.018356643356643356,0.01681190946458122,0.01681190946458122,0.018356643356643356,0.018356643356643356,0.022720600010676346,0.01681190946458122,0.018356643356643356,0.01681190946458122,0.01681190946458122,0.018356643356643356,0.018356643356643356,0.022720600010676346
03_2025_03_03_17_03,295661,0.013792823537767916,0.016146870909589023,0.013792823537767916,0.013792823537767916,0.016146870909589023,0.016146870909589023,0.017719618076107432,0.013792823537767916,0.016146870909589023,0.013792823537767916,0.013792823537767916,0.016146870909589023,0.016146870909589023,0.017719618076107432
054_001,295932,0.08551288809591392,0.08611099847262209,0.08551288809591392,0.08551288809591392,0.08611099847262209,0.08611099847262209,0.09416014489815228,0.08551288809591392,0.08611099847262209,0.08551288809591392,0.08551288809591392,0.08611099847262209,0.08611099847262209,0.09416014489815228
05_2025_03_05_17_55,289898,0.07122160208073185,0.04910002828581087,0.07122160208073185,0.07122160208073185,0.04910002828581087,0.04910002828581087,0.07579217517885602,0.07122160208073185,0.04910002828581087,0.07122160208073185,0.07122160208073185,0.04910002828581087,0.04910002828581087,0.07579217517885602
103_001,301631,0.06904131206673055,0.06823237664563656,0.06904131206673055,0.06904131206673055,0.06823237664563656,0.06823237664563656,0.07127914571115038,0.06904131206673055,0.06823237664563656,0.06904131206673055,0.06904131206673055,0.06823237664563656,0.06823237664563656,0.07127914571115038
09_001_2025_03_13_19_25,284109,0.030724123487816297,7.461924824627168e-4,0.030724123487816297,0.030724123487816297,7.461924824627168e-4,7.461924824627168e-4,0.030724123487816297,0.030724123487816297,7.461924824627168e-4,0.030724123487816297,0.030724123487816297,7.461924824627168e-4,7.461924824627168e-4,0.030724123487816297
102_001,303655,0.0853797895638142,0.08244883173338163,0.0853797895638142,0.0853797895638142,0.08244883173338163,0.08244883173338163,0.08724374701552749,0.0853797895638142,0.08244883173338163,0.0853797895638142,0.0853797895638142,0.08244883173338163,0.08244883173338163,0.08724374701552749
16_001_2025_04_02_18_44,290578,0.07592797802999539,0.03288961999876109,0.07592797802999539,0.07592797802999539,0.03288961999876109,0.03288961999876109,0.07914570270288873,0.07592797802999539,0.03288961999876109,0.07592797802999539,0.07592797802999539,0.03288961999876109,0.03288961999876109,0.07914570270288873
106_001,300801,0.03231704681832839,0.027313738983580506,0.03231704681832839,0.03231704681832839,0.027313738983580506,0.027313738983580506,0.03414217372947563,0.03231704681832839,0.027313738983580506,0.03231704681832839,0.03231704681832839,0.027313738983580506,0.027313738983580506,0.03414217372947563
07_2025_03_12_12_01,307243,0.04776675139873,0.04473006708045423,0.04776675139873,0.04776675139873,0.04473006708045423,0.04473006708045423,0.05470262951474891,0.04776675139873,0.04473006708045423,0.04776675139873,0.04776675139873,0.04473006708045423,0.04473006708045423,0.05470262951474891
104_001,290680,0.0674246594192927,0.07752167331773772,0.0674246594192927,0.0674246594192927,0.07752167331773772,0.07752167331773772,0.07752167331773772,0.0674246594192927,0.07752167331773772,0.0674246594192927,0.0674246594192927,0.07752167331773772,0.07752167331773772,0.07752167331773772
10_001_2025_03_14_11_15,298372,0.3367239553309292,0.355626533320821,0.3367239553309292,0.3367239553309292,0.355626533320821,0.355626533320821,0.39047564784899386,0.3367239553309292,0.355626533320821,0.3367239553309292,0.3367239553309292,0.355626533320821,0.355626533320821,0.39047564784899386
084_001,295643,0.10194728101121961,0.12637200948441193,0.10194728101121961,0.10194728101121961,0.12637200948441193,0.12637200948441193,0.1265952517056044,0.10194728101121961,0.12637200948441193,0.10194728101121961,0.10194728101121961,0.12637200948441193,0.12637200948441193,0.1265952517056044
01_2025_02_14_16_04,293944,0.02848161554581825,0.02884903246876956,0.02848161554581825,0.02848161554581825,0.02884903246876956,0.02884903246876956,0.030233649946928665,0.02848161554581825,0.02884903246876956,0.02848161554581825,0.02848161554581825,0.02884903246876956,0.02884903246876956,0.030233649946928665
12_001_2025_03_26_18_07,292711,0.0471830576917164,0.036196111522969754,0.0471830576917164,0.0471830576917164,0.036196111522969754,0.036196111522969754,0.04727871518323534,0.0471830576917164,0.036196111522969754,0.0471830576917164,0.0471830576917164,0.036196111522969754,0.036196111522969754,0.04727871518323534
108_001,291602,0.05226987469221747,0.04583644830968237,0.05226987469221747,0.05226987469221747,0.04583644830968237,0.04583644830968237,0.0542040178050905,0.05226987469221747,0.04583644830968237,0.05226987469221747,0.05226987469221747,0.04583644830968237,0.04583644830968237,0.0542040178050905
04_2025_03_05_11_55,295304,0.03936959878633544,0.031174653915964565,0.03936959878633544,0.03936959878633544,0.031174653915964565,0.031174653915964565,0.046748435510524745,0.03936959878633544,0.031174653915964565,0.03936959878633544,0.03936959878633544,0.031174653915964565,0.031174653915964565,0.046748435510524745
105_001,298662,0.0675613235028226,0.22711962017263662,0.0675613235028226,0.0675613235028226,0.22711962017263662,0.22711962017263662,0.22892098760471705,0.0675613235028226,0.22711962017263662,0.0675613235028226,0.0675613235028226,0.22711962017263662,0.22711962017263662,0.22892098760471705
109_001,293291,0.08069460024344423,0.08439399777013273,0.08069460024344423,0.08069460024344423,0.08439399777013273,0.08439399777013273,0.08710461623438837,0.08069460024344423,0.08439399777013273,0.08069460024344423,0.08069460024344423,0.08439399777013273,0.08439399777013273,0.08710461623438837
110_001,296016,0.15254243013891142,0.18252729582184746,0.15254243013891142,0.15254243013891142,0.18252729582184746,0.18252729582184746,0.1865743743581428,0.15254243013891142,0.18252729582184746,0.15254243013891142,0.15254243013891142,0.18252729582184746,0.18252729582184746,0.1865743743581428
14_001_2025_03_31_16_34,290030,0.04881563976140399,0.04511257456125228,0.04881563976140399,0.04881563976140399,0.04511257456125228,0.04511257456125228,0.05049477640244113,0.04881563976140399,0.04511257456125228,0.04881563976140399,0.04881563976140399,0.04511257456125228,0.04511257456125228,0.05049477640244113
02_2025_02_26_18_12,288981,0.12824372536602752,0.16339136483021374,0.12824372536602752,0.12824372536602752,0.16339136483021374,0.16339136483021374,0.16670992210560556,0.12824372536602752,0.16339136483021374,0.12824372536602752,0.12824372536602752,0.16339136483021374,0.16339136483021374,0.16670992210560556
11_001_2025_03_24_15_24,293685,0.12138515756678074,0.097168735209493165,0.12138515756678074,0.12138515756678074,0.097168735209493165,0.097168735209493165,0.12318300219623066,0.12138515756678074,0.097168735209493165,0.12138515756678074,0.12138515756678074,0.097168735209493165,0.097168735209493165,0.12318300219623066
051_001,297717,0.18490714336097702,0.17093078326061326,0.18490714336097702,0.18490714336097702,0.17093078326061326,0.17093078326061326,0.18752036329803135,0.18490714336097702,0.17093078326061326,0.18490714336097702,0.18490714336097702,0.17093078326061326,0.17093078326061326,0.18752036329803135
113_001,295432,0.306215982019551,0.36985499201169814,0.306215982019551,0.306215982019551,0.36985499201169814,0.36985499201169814,0.4051524547103902,0.306215982019551,0.36985499201169814,0.306215982019551,0.306215982019551,0.36985499201169814,0.36985499201169814,0.4051524547103902
100_001,297185,0.022915019264094755,0.0215387721452967,0.022915019264094755,0.022915019264094755,0.0215387721452967,0.0215387721452967,0.024032168514561636,0.022915019264094755,0.0215387721452967,0.022915019264094755,0.022915019264094755,0.0215387721452967,0.0215387721452967,0.024032168514561636
049_001,296948,0.17624971375459678,0.12350310492072686,0.17624971375459678,0.17624971375459678,0.12350310492072686,0.12350310492072686,0.18044910219971175,0.17624971375459678,0.12350310492072686,0.17624971375459678,0.17624971375459678,0.12350310492072686,0.12350310492072686,0.18044910219971175
107_001,299691,0.14517619815076196,0.14389487839140983,0.14517619815076196,0.14517619815076196,0.14389487839140983,0.14389487839140983,0.14918365916894402,0.14517619815076196,0.14389487839140983,0.14517619815076196,0.14517619815076196,0.14389487839140983,0.14389487839140983,0.14918365916894402
13_001_2025_03_31_14_26,295234,0.07735220198215653,0.074920232764518993,0.07735220198215653,0.07735220198215653,0.074920232764518993,0.074920232764518993,0.08519343977997114,0.07735220198215653,0.074920232764518993,0.07735220198215653,0.07735220198215653,0.074920232764518993,0.074920232764518993,0.08519343977997114
08_001_2025_03_12_17_54,290107,0.007559279851916707,0.009379297983157939,0.007559279851916707,0.007559279851916707,0.009379297983157939,0.009379297983157939,0.00952407215268849,0.007559279851916707,0.009379297983157939,0.007559279851916707,0.007559279851916707,0.009379297983157939,0.009379297983157939,0.00952407215268849
101_001,301667,0.3856305131154551,0.17064511530926485,0.3856305131154551,0.3856305131154551,0.17064511530926485,0.17064511530926485,0.39624818094123654,0.3856305131154551,0.17064511530926485,0.3856305131154551,0.3856305131154551,0.17064511530926485,0.17064511530926485,0.39624818094123654
112_001,294952,0.5819523176652472,0.5062755973853372,0.5819523176652472,0.5819523176652472,0.5062755973853372,0.5062755973853372,0.6691393853915213,0.5819523176652472,0.5062755973853372,0.5819523176652472,0.5819523176652472,0.5062755973853372,0.5062755973853372,0.6691393853915213
17_001_2025_04_07_15_25,286277,0.12070127883134167,0.13465629442812382,0.12070127883134167,0.12070127883134167,0.13465629442812382,0.13465629442812382,0.1526773020536054,0.12070127883134167,0.13465629442812382,0.12070127883134167,0.12070127883134167,0.13465629442812382,0.13465629442812382,0.1526773020536054
24_001_2025_04_18_18_51,289609,0.03088647106961455,0.03251970760577192,0.03088647106961455,0.03088647106961455,0.03251970760577192,0.03251970760577192,0.0348711538660746,0.03088647106961455,0.03251970760577192,0.03088647106961455,0.03088647106961455,0.03251970760577192,0.03251970760577192,0.0348711538660746
06_2025_03_07_11_39,299390,0.13853836133471392,0.13751962323390896,0.13853836133471392,0.13853836133471392,0.13751962323390896,0.13751962323390896,0.1437689969604863,0.13853836133471392,0.13751962323390896,0.13853836133471392,0.13853836133471392,0.13751962323390896,0.13751962323390896,0.1437689969604863
15_001_2025_04_02_11_42,289139,0.07271589097285389,0.07598075666029142,0.07271589097285389,0.07271589097285389,0.07598075666029142,0.07598075666029142,0.0781561809371963,0.07271589097285389,0.07598075666029142,0.07271589097285389,0.07271589097285389,0.07598075666029142,0.07598075666029142,0.0781561809371963
20_001_2025_04_09_18_34,291711,0.13501376362221515,0.12162037084648848,0.13501376362221515,0.13501376362221515,0.12162037084648848,0.12162037084648848,0.13619644099811115,0.13501376362221515,0.12162037084648848,0.13501376362221515,0.13501376362221515,0.12162037084648848,0.12162037084648848,0.13619644099811115
19_001_2025_04_09_15_41,290671,0.2659019991674436,0.19516566840173255,0.2659019991674436,0.2659019991674436,0.19516566840173255,0.19516566840173255,0.2725658906461257,0.2659019991674436,0.19516566840173255,0.2659019991674436,0.2659019991674436,0.19516566840173255,0.19516566840173255,0.2725658906461257
18_001_2025_04_08_12_25,291503,0.18053673547099,0.2862371913839652,0.18053673547099,0.18053673547099,0.2862371913839652,0.2862371913839652,0.2919592594244313,0.18053673547099,0.2862371913839652,0.18053673547099,0.18053673547099,0.2862371913839652,0.2862371913839652,0.2919592594244313
21_001_2025_04_11_11_55,291717,0.16565369861886692,0.15818070253019192,0.16565369861886692,0.16565369861886692,0.15818070253019192,0.15818070253019192,0.16821097159233092,0.16565369861886692,0.15818070253019192,0.16565369861886692,0.16565369861886692,0.15818070253019192,0.15818070253019192,0.16821097159233092
23_001_2025_04_15_11_12,290736,0.27163130812833636,0.23664424082328986,0.27163130812833636,0.27163130812833636,0.23664424082328986,0.23664424082328986,0.2943047988553189,0.27163130812833636,0.23664424082328986,0.27163130812833636,0.27163130812833636,0.23664424082328986,0.23664424082328986,0.2943047988553189
26_001_2025_04_22_15_39,288812,0.021197180172569007,0.021841197734166172,0.021197180172569007,0.021197180172569007,0.021841197734166172,0.021841197734166172,0.022883398196750827,0.021197180172569007,0.021841197734166172,0.021197180172569007,0.021197180172569007,0.021841197734166172,0.021841197734166172,0.022883398196750827
27_001_2025_04_28_13_28,284640,0.0544406970207982,0.046065205171444634,0.0544406970207982,0.0544406970207982,0.046065205171444634,0.046065205171444634,0.05499929735806633,0.0544406970207982,0.046065205171444634,0.0544406970207982,0.0544406970207982,0.046065205171444634,0.046065205171444634,0.05499929735806633
25_001_2025_04_21_11_18,292653,0.594314768685098,0.430239908697331,0.594314768685098,0.594314768685098,0.430239908697331,0.430239908697331,0.6084543811271369,0.594314768685098,0.430239908697331,0.594314768685098,0.594314768685098,0.430239908697331,0.430239908697331,0.6084543811271369
29_001_2025_04_28_18_32,291245,0.06428608216450067,0.06721832134457244,0.06428608216450067,0.06428608216450067,0.06721832134457244,0.06721832134457244,0.07141753506497965,0.06428608216450067,0.06721832134457244,0.06428608216450067,0.06428608216450067,0.06721832134457244,0.06721832134457244,0.07141753506497965
111_001,296226,0.09914052108862828,0.09223700823020262,0.09914052108862828,0.09914052108862828,0.09223700823020262,0.09223700823020262,0.09963001222039929,0.09914052108862828,0.09223700823020262,0.09914052108862828,0.09914052108862828,0.09223700823020262,0.09223700823020262,0.09963001222039929
35_001,289332,0.03942529689076908,0.03621790883828958,0.03942529689076908,0.03942529689076908,0.03621790883828958,0.03621790883828958,0.044554352785035875,0.03942529689076908,0.03621790883828958,0.03942529689076908,0.03942529689076908,0.03621790883828958,0.03621790883828958,0.044554352785035875
32_001,286192,0.06652177559121149,0.04413470677028009,0.06652177559121149,0.06652177559121149,0.04413470677028009,0.04413470677028009,0.06692709789232404,0.06652177559121149,0.04413470677028009,0.06652177559121149,0.06652177559121149,0.04413470677028009,0.04413470677028009,0.06692709789232404
34_001,290467,0.07309608320394399,0.16514784812044053,0.07309608320394399,0.07309608320394399,0.16514784812044053,0.16514784812044053,0.17170969507723768,0.07309608320394399,0.16514784812044053,0.07309608320394399,0.07309608320394399,0.16514784812044053,0.16514784812044053,0.17170969507723768
114_001,294775,0.06636926469341023,0.06597913662963277,0.06636926469341023,0.06636926469341023,0.06597913662963277,0.06597913662963277,0.0715427020608939,0.06636926469341023,0.06597913662963277,0.06636926469341023,0.06636926469341023,0.06597913662963277,0.06597913662963277,0.0715427020608939
28_001_2025_04_28_16_13,293165,0.42269029386181844,0.43961250490338205,0.42269029386181844,0.42269029386181844,0.43961250490338205,0.43961250490338205,0.5427933075230672,0.42269029386181844,0.43961250490338205,0.42269029386181844,0.42269029386181844,0.43961250490338205,0.43961250490338205,0.5427933075230672
42_001,300044,0.07680206902987562,0.06899321432856514,0.07680206902987562,0.07680206902987562,0.06899321432856514,0.06899321432856514,0.07744864086600632,0.07680206902987562,0.06899321432856514,0.07680206902987562,0.07680206902987562,0.06899321432856514,0.06899321432856514,0.07744864086600632
33_001,293544,0.13093096775951815,0.13064140299239638,0.13093096775951815,0.13093096775951815,0.13064140299239638,0.13064140299239638,0.1337618891886736,0.13093096775951815,0.13064140299239638,0.13093096775951815,0.13093096775951815,0.13064140299239638,0.13064140299239638,0.1337618891886736
41_001,302007,0.03354889125086505,0.039144788034714426,0.03354889125086505,0.03354889125086505,0.039144788034714426,0.039144788034714426,0.04457181456058965,0.03354889125086505,0.039144788034714426,0.03354889125086505,0.03354889125086505,0.039144788034714426,0.039144788034714426,0.04457181456058965
45_001,297487,0.2532345951251651,0.2548850874155845,0.2532345951251651,0.2532345951251651,0.2548850874155845,0.2548850874155845,0.25957436795557454,0.2532345951251651,0.2548850874155845,0.2532345951251651,0.2532345951251651,0.2548850874155845,0.2548850874155845,0.25957436795557454
55_001,295871,0.02051907757096843,0.13547796167924533,0.02051907757096843,0.02051907757096843,0.13547796167924533,0.13547796167924533,0.13864826224942628,0.02051907757096843,0.13547796167924533,0.02051907757096843,0.02051907757096843,0.13547796167924533,0.13547796167924533,0.13864826224942628
30_001,292047,0.10855786911010899,0.08855766366372536,0.10855786911010899,0.10855786911010899,0.08855766366372536,0.08855766366372536,0.11232096203693241,0.10855786911010899,0.08855766366372536,0.10855786911010899,0.10855786911010899,0.08855766366372536,0.08855766366372536,0.11232096203693241
37_001,290200,0.1752446588559614,0.09069951757408684,0.1752446588559614,0.1752446588559614,0.09069951757408684,0.09069951757408684,0.18815299793246038,0.1752446588559614,0.09069951757408684,0.1752446588559614,0.1752446588559614,0.09069951757408684,0.09069951757408684,0.18815299793246038
39_001,307656,0.12559807057232752,0.2014555217515667,0.12559807057232752,0.12559807057232752,0.2014555217515667,0.2014555217515667,0.20477416335127546,0.12559807057232752,0.2014555217515667,0.12559807057232752,0.12559807057232752,0.2014555217515667,0.2014555217515667,0.20477416335127546
31_001,292167,0.2605359263708769,0.22883145598236626,0.2605359263708769,0.2605359263708769,0.22883145598236626,0.22883145598236626,0.30110176714002607,0.2605359263708769,0.22883145598236626,0.2605359263708769,0.2605359263708769,0.22883145598236626,0.22883145598236626,0.30110176714002607
57_001,294929,0.006350681011362057,0.012440282237419853,0.006350681011362057,0.006350681011362057,0.012440282237419853,0.012440282237419853,0.012531829694604464,0.006350681011362057,0.012440282237419853,0.006350681011362057,0.006350681011362057,0.012440282237419853,0.012440282237419853,0.012531829694604464
44_001,297976,0.2812474830187666,0.2750020135849867,0.2812474830187666,0.2812474830187666,0.2750020135849867,0.2750020135849867,0.34813206432732835,0.2812474830187666,0.2750020135849867,0.2812474830187666,0.2812474830187666,0.2750020135849867,0.2750020135849867,0.34813206432732835
43_001,320991,0.1300503752441657,0.06950350632883788,0.1300503752441657,0.1300503752441657,0.06950350632883788,0.06950350632883788,0.1309320199008695,0.1300503752441657,0.06950350632883788,0.1300503752441657,0.1300503752441657,0.06950350632883788,0.06950350632883788,0.1309320199008695
36_001,285919,0.10961845837457462,0.3608574456401988,0.10961845837457462,0.10961845837457462,0.3608574456401988,0.3608574456401988,0.3695906882718532,0.10961845837457462,0.3608574456401988,0.10961845837457462,0.10961845837457462,0.3608574456401988,0.3608574456401988,0.3695906882718532
47_001,302929,0.07355849060340872,0.07604422158327528,0.07355849060340872,0.07355849060340872,0.07604422158327528,0.07604422158327528,0.08137550383093067,0.07355849060340872,0.07604422158327528,0.07355849060340872,0.07355849060340872,0.07604422158327528,0.07604422158327528,0.08137550383093067
59_001,303378,0.025295176314696518,0.02352840350981284,0.025295176314696518,0.025295176314696518,0.02352840350981284,0.02352840350981284,0.026827917647291498,0.025295176314696518,0.02352840350981284,0.025295176314696518,0.025295176314696518,0.02352840350981284,0.02352840350981284,0.026827917647291498
56_001,297363,0.45695328605105545,0.409879507537925,0.45695328605105545,0.45695328605105545,0.409879507537925,0.409879507537925,0.458335435141561,0.45695328605105545,0.409879507537925,0.45695328605105545,0.45695328605105545,0.409879507537925,0.409879507537925,0.458335435141561
46_001,306369,0.07662655164197422,0.09970982703863641,0.07662655164197422,0.07662655164197422,0.09970982703863641,0.09970982703863641,0.11428049182521731,0.07662655164197422,0.09970982703863641,0.07662655164197422,0.07662655164197422,0.09970982703863641,0.09970982703863641,0.11428049182521731
50_001,300867,0.44385060508463875,0.23068997264572053,0.44385060508463875,0.44385060508463875,0.23068997264572053,0.23068997264572053,0.45684970435441574,0.44385060508463875,0.23068997264572053,0.44385060508463875,0.44385060508463875,0.23068997264572053,0.23068997264572053,0.45684970435441574
52_001,293329,0.09541504590408723,0.10624588772334137,0.09541504590408723,0.09541504590408723,0.10624588772334137,0.10624588772334137,0.1099857156980728,0.09541504590408723,0.10624588772334137,0.09541504590408723,0.09541504590408723,0.10624588772334137,0.10624588772334137,0.1099857156980728
40_001,301456,0.17236346266121755,0.13831869327530386,0.17236346266121755,0.17236346266121755,0.13831869327530386,0.13831869327530386,0.19125510853988642,0.17236346266121755,0.13831869327530386,0.17236346266121755,0.17236346266121755,0.13831869327530386,0.13831869327530386,0.19125510853988642
61_001,297399,0.15195074630378716,0.09178914522241165,0.15195074630378716,0.15195074630378716,0.09178914522241165,0.09178914522241165,0.16429443273178457,0.15195074630378716,0.09178914522241165,0.15195074630378716,0.15195074630378716,0.09178914522241165,0.09178914522241165,0.16429443273178457
62_001,300880,0.127579101302845,0.06262629619781973,0.127579101302845,0.127579101302845,0.06262629619781973,0.06262629619781973,0.13263759638394043,0.127579101302845,0.06262629619781973,0.127579101302845,0.127579101302845,0.06262629619781973,0.06262629619781973,0.13263759638394043
58_001,304232,0.14945830813326672,0.17090904309868785,0.14945830813326672,0.14945830813326672,0.17090904309868785,0.17090904309868785,0.17416642562255122,0.14945830813326672,0.17090904309868785,0.14945830813326672,0.14945830813326672,0.17090904309868785,0.17090904309868785,0.17416642562255122
64_001,299265,0.0624363022739044,0.06771256244465608,0.0624363022739044,0.0624363022739044,0.06771256244465608,0.06771256244465608,0.0689622909461514,0.0624363022739044,0.06771256244465608,0.0624363022739044,0.0624363022739044,0.06771256244465608,0.06771256244465608,0.0689622909461514
60_001,299877,0.185202599732557,0.16464750547724566,0.185202599732557,0.185202599732557,0.16464750547724566,0.16464750547724566,0.18628304271417948,0.185202599732557,0.16464750547724566,0.185202599732557,0.185202599732557,0.16464750547724566,0.16464750547724566,0.18628304271417948
63_001,299122,0.7323734128549555,0.7325606274362969,0.7323734128549555,0.7323734128549555,0.7325606274362969,0.7325606274362969,0.7330019189494588,0.7323734128549555,0.7325606274362969,0.7323734128549555,0.7323734128549555,0.7325606274362969,0.7325606274362969,0.7330019189494588
65_001,296787,0.12345554219019027,0.09434038552901576,0.12345554219019027,0.12345554219019027,0.09434038552901576,0.09434038552901576,0.12355999420459791,0.12345554219019027,0.09434038552901576,0.12345554219019027,0.12345554219019027,0.09434038552901576,0.09434038552901576,0.12355999420459791
71_001,302181,0.1302100396782061,0.42407696049718546,0.1302100396782061,0.1302100396782061,0.42407696049718546,0.42407696049718546,0.4338161565419401,0.1302100396782061,0.42407696049718546,0.1302100396782061,0.1302100396782061,0.42407696049718546,0.42407696049718546,0.4338161565419401
73_001,300036,0.1314008985588396,0.07834393206148596,0.1314008985588396,0.1314008985588396,0.07834393206148596,0.07834393206148596,0.1317141942966844,0.1314008985588396,0.07834393206148596,0.1314008985588396,0.1314008985588396,0.07834393206148596,0.07834393206148596,0.1317141942966844
77_001,297565,0.06311562179691832,0.03393880328667686,0.06311562179691832,0.06311562179691832,0.03393880328667686,0.03393880328667686,0.06482953304320065,0.06311562179691832,0.03393880328667686,0.06311562179691832,0.06311562179691832,0.03393880328667686,0.03393880328667686,0.06482953304320065
74_001,301440,0.07493365180467092,0.08177746815286624,0.07493365180467092,0.07493365180467092,0.08177746815286624,0.08177746815286624,0.08649150743099787,0.07493365180467092,0.08177746815286624,0.07493365180467092,0.07493365180467092,0.08177746815286624,0.08177746815286624,0.08649150743099787
66_001,300047,0.07857102387292657,0.06898252607091555,0.07857102387292657,0.07857102387292657,0.06898252607091555,0.06898252607091555,0.07936090012564698,0.07857102387292657,0.06898252607091555,0.07857102387292657,0.07857102387292657,0.06898252607091555,0.06898252607091555,0.07936090012564698
78_001,298960,0.01905271608241905,0.01369079475515119,0.01905271608241905,0.01905271608241905,0.01369079475515119,0.01369079475515119,0.01908951030238159,0.01905271608241905,0.01369079475515119,0.01905271608241905,0.01905271608241905,0.01369079475515119,0.01369079475515119,0.01908951030238159
75_001,302153,0.06484132211164542,0.06640013503092804,0.06484132211164542,0.06484132211164542,0.06640013503092804,0.06640013503092804,0.06912392066271061,0.06484132211164542,0.06640013503092804,0.06484132211164542,0.06484132211164542,0.06640013503092804,0.06640013503092804,0.06912392066271061
81_001,300812,0.3404285733281917,0.44899472095528103,0.3404285733281917,0.3404285733281917,0.44899472095528103,0.44899472095528103,0.4549785247928939,0.3404285733281917,0.44899472095528103,0.3404285733281917,0.3404285733281917,0.44899472095528103,0.44899472095528103,0.4549785247928939
76_001,298711,0.5432709207227052,0.4803639638312617,0.5432709207227052,0.5432709207227052,0.4803639638312617,0.4803639638312617,0.5547770252853093,0.5432709207227052,0.4803639638312617,0.5432709207227052,0.5432709207227052,0.4803639638312617,0.4803639638312617,0.5547770252853093
85_001,305111,0.08109507687366237,0.07731940179147917,0.08109507687366237,0.08109507687366237,0.07731940179147917,0.07731940179147917,0.0848346995028039,0.08109507687366237,0.07731940179147917,0.08109507687366237,0.08109507687366237,0.07731940179147917,0.07731940179147917,0.0848346995028039
89_001,301066,0.06081058638305222,0.031856802162980875,0.06081058638305222,0.06081058638305222,0.031856802162980875,0.031856802162980875,0.06146492795599636,0.06081058638305222,0.031856802162980875,0.06081058638305222,0.06081058638305222,0.031856802162980875,0.031856802162980875,0.06146492795599636
80_001,299995,0.333878897981633,0.7237287288121469,0.333878897981633,0.333878897981633,0.7237287288121469,0.7237287288121469,0.7260521008683478,0.333878897981633,0.7237287288121469,0.333878897981633,0.333878897981633,0.7237287288121469,0.7237287288121469,0.7260521008683478
67_001,300758,0.055562944294083615,0.12002673245599452,0.055562944294083615,0.055562944294083615,0.12002673245599452,0.12002673245599452,0.12657352422878193,0.055562944294083615,0.12002673245599452,0.055562944294083615,0.055562944294083615,0.12002673245599452,0.12002673245599452,0.12657352422878193
86_001,300334,0.04023853443166608,0.05104317193524543,0.04023853443166608,0.04023853443166608,0.05104317193524543,0.05104317193524543,0.05405648378139005,0.04023853443166608,0.05104317193524543,0.04023853443166608,0.04023853443166608,0.05104317193524543,0.05104317193524543,0.05405648378139005
88_001,295285,0.05304028311631136,0.13524222361447416,0.05304028311631136,0.05304028311631136,0.13524222361447416,0.13524222361447416,0.15167380666136107,0.05304028311631136,0.13524222361447416,0.05304028311631136,0.05304028311631136,0.13524222361447416,0.13524222361447416,0.15167380666136107
87_001,291629,0.0976240360183658,0.08328046936347208,0.0976240360183658,0.0976240360183658,0.08328046936347208,0.08328046936347208,0.11124750967839275,0.0976240360183658,0.08328046936347208,0.0976240360183658,0.0976240360183658,0.08328046936347208,0.08328046936347208,0.11124750967839275
95_001,304838,0.07151995486127058,0.1640182654393481,0.07151995486127058,0.07151995486127058,0.1640182654393481,0.1640182654393481,0.16680991215006002,0.07151995486127058,0.1640182654393481,0.07151995486127058,0.07151995486127058,0.1640182654393481,0.1640182654393481,0.16680991215006002
91_001,297502,0.2148825890246116,0.58596916995516,0.2148825890246116,0.2148825890246116,0.58596916995516,0.58596916995516,0.6504494087434707,0.2148825890246116,0.58596916995516,0.2148825890246116,0.2148825890246116,0.58596916995516,0.58596916995516,0.6504494087434707
83_001,295598,0.18639841947509794,0.18711560971319158,0.18639841947509794,0.18639841947509794,0.18711560971319158,0.18711560971319158,0.19650335929201146,0.18639841947509794,0.18711560971319158,0.18639841947509794,0.18639841947509794,0.18711560971319158,0.18711560971319158,0.19650335929201146
90_001,293727,0.2679528950351857,0.13242909232042,0.2679528950351857,0.2679528950351857,0.13242909232042,0.13242909232042,0.279432942834673,0.2679528950351857,0.13242909232042,0.2679528950351857,0.2679528950351857,0.13242909232042,0.13242909232042,0.279432942834673
92_001,306517,0.07732686930904321,0.07109230483137967,0.07732686930904321,0.07732686930904321,0.07109230483137967,0.07109230483137967,0.07986832704221952,0.07732686930904321,0.07109230483137967,0.07732686930904321,0.07732686930904321,0.07109230483137967,0.07109230483137967,0.07986832704221952
97_001,298941,0.05293017685764081,0.05458602199096143,0.05293017685764081,0.05293017685764081,0.05458602199096143,0.05458602199096143,0.05688413432750944,0.05293017685764081,0.05458602199096143,0.05293017685764081,0.05293017685764081,0.05458602199096143,0.05458602199096143,0.05688413432750944
94_001,300483,0.1509536313202411,0.10091752278831082,0.1509536313202411,0.1509536313202411,0.10091752278831082,0.10091752278831082,0.1537258347394029,0.1509536313202411,0.10091752278831082,0.1509536313202411,0.1509536313202411,0.10091752278831082,0.10091752278831082,0.1537258347394029
72_001,299353,0.027936917284944532,0.03218274077761038,0.027936917284944532,0.027936917284944532,0.03218274077761038,0.03218274077761038,0.032379832505436724,0.027936917284944532,0.03218274077761038,0.027936917284944532,0.027936917284944532,0.03218274077761038,0.03218274077761038,0.032379832505436724
96_001,351171,0.04382765091650506,0.04977916741416575,0.04382765091650506,0.04382765091650506,0.04977916741416575,0.04977916741416575,0.05284035412946969,0.04382765091650506,0.04977916741416575,0.04382765091650506,0.04382765091650506,0.04977916741416575,0.04977916741416575,0.05284035412946969
68_001,304539,0.1459944374940484,0.42367644209772803,0.1459944374940484,0.1459944374940484,0.42367644209772803,0.42367644209772803,0.42638217108482,0.1459944374940484,0.42367644209772803,0.1459944374940484,0.1459944374940484,0.42367644209772803,0.42367644209772803,0.42638217108482
82_001,298043,0.40804179262723833,0.18652677633764256,0.40804179262723833,0.40804179262723833,0.18652677633764256,0.18652677633764256,0.40999453099049465,0.40804179262723833,0.18652677633764256,0.40804179262723833,0.40804179262723833,0.18652677633764256,0.18652677633764256,0.40999453099049465
70_001,299480,0.062231200747963136,0.09910511553359155,0.062231200747963136,0.062231200747963136,0.09910511553359155,0.09910511553359155,0.10180646453853345,0.062231200747963136,0.09910511553359155,0.062231200747963136,0.062231200747963136,0.09910511553359155,0.09910511553359155,0.10180646453853345
98_001,295637,0.15407070156983058,0.15514972753748685,0.15407070156983058,0.15407070156983058,0.15514972753748685,0.15514972753748685,0.16104547130433605,0.15407070156983058,0.15514972753748685,0.15407070156983058,0.15407070156983058,0.15514972753748685,0.15514972753748685,0.16104547130433605
93_001,309186,0.2715291119261545,0.17127554287710312,0.2715291119261545,0.2715291119261545,0.17127554287710312,0.17127554287710312,0.27302659240715943,0.2715291119261545,0.17127554287710312,0.2715291119261545,0.2715291119261545,0.17127554287710312,0.17127554287710312,0.27302659240715943
99_001,300419,0.1817461611948645,0.23395657398500094,0.1817461611948645,0.1817461611948645,0.23395657398500094,0.23395657398500094,0.25166850299082283,0.1817461611948645,0.23395657398500094,0.1817461611948645,0.1817461611948645,0.23395657398500094,0.23395657398500094,0.25166850299082283
